1939,1PR,T,41,51,34,30,T,0,27,T,0,0,0,0,0,8,4,T,3,11,0,0,0,11,0,6,0,11,39,18,68,13,375
1939,2PR,0,6,25,14,14,68,91,100,6,13,T,50,14,24,22,T,0,0,0,0,0,0,2,T,9,2,6,8,,,,474
1939,3PR,0,8,69,8,T,24,17,5,0,0,5,149,44,20,1,1,0,T,0,0,0,0,0,0,T,0,6,0,0,0,0,357
1939,4PR,0,0,T,T,0,0,0,T,T,0,4,39,2,0,0,0,0,0,0,T,0,3,T,41,T,0,0,0,T,0,,89
1939,5PR,0,0,0,7,0,0,0,0,T,T,0,0,0,T,0,0,1,13,2,48,103,109,0,T,5,6,0,T,14,0,0,308
1939,6PR,0,0,22,7,4,0,0,3,3,0,0,0,0,0,35,29,8,20,2,0,0,0,0,0,0,0,0,0,0,0,,133
1939,7PR,0,T,52,T,T,0,0,0,0,0,T,0,1,0,7,0,0,0,0,0,0,0,0,0,0,0,0,0,0,0,0,60
1939,8PR,0,0,0,0,0,0,0,0,0,0,0,0,0,0,0,0,0,0,0,0,0,0,T,16,9,T,T,11,0,T,51,87
1939,9PR,T,0,0,0,1,0,0,0,0,0,19,0,35,0,0,0,0,0,T,0,0,0,0,0,0,0,T,0,0,0,,55
1939,10PR,9,0,0,74,28,17,0,T,0,0,0,0,0,0,0,0,24,2,12,0,0,0,66,T,T,52,28,T,0,0,0,312
1939,11PR,0,8,0,0,0,0,0,3,0,0,0,0,10,0,0,0,4,1,T,T,1,T,0,0,3,6,T,0,T,6,,42
1939,12PR,0,0,0,0,0,0,0,0,0,0,0,0,0,0,0,0,0,0,0,0,0,0,0,0,0,0,0,0,0,0,0,0
1940,1PR,7,29,31,41,19,0,16,31,10,0,12,2,1,0,0,0,0,0,1,T,0,0,16,66,55,105,1,4,2,0,T,449
1940,2PR,0,3,75,37,52,93,28,17,11,47,1,18,70,36,4,59,81,13,0,0,0,2,0,54,109,24,72,88,6,,,1000
1940,3PR,69,3,0,13,3,T,40,5,21,0,1,0,0,0,3,9,0,0,0,0,0,0,3,14,28,65,70,5,50,29,11,442
1940,4PR,5,0,15,0,0,10,21,11,T,0,0,0,0,4,0,0,0,7,0,6,0,1,4,7,T,0,1,17,T,36,,145
1940,5PR,0,66,6,58,14,0,0,0,0,0,0,0,0,3,0,0,0,0,0,0,0,0,0,T,T,0,0,0,1,48,22,218
1940,6PR,10,0,0,0,0,0,0,0,0,0,0,0,0,0,0,0,0,T,0,0,0,0,0,0,0,0,0,0,0,0,,10
1940,7PR,0,0,0,0,0,0,0,0,0,0,0,T,0,0,T,0,0,0,T,4,0,T,0,0,T,6,T,0,0,0,0,10
1940,8PR,0,0,0,0,0,0,0,0,T,0,0,0,0,0,0,0,0,0,0,0,0,0,0,0,0,0,6,0,0,0,0,6
1940,9PR,0,9,0,T,0,0,36,0,23,0,T,1,46,T,0,0,25,43,0,0,0,0,0,0,0,44,71,0,0,0,,298
1940,10PR,T,11,9,5,0,0,0,0,0,0,0,0,0,0,0,0,0,0,T,64,15,T,64,147,0,5,0,41,23,37,36,457
1940,11PR,5,0,0,1,83,2,61,89,20,4,11,0,0,0,0,0,4,1,0,43,0,0,8,85,0,0,23,11,59,0,,510
1940,12PR,3,0,8,0,37,0,0,2,0,0,0,0,0,0,0,3,13,39,6,180,2,1,14,10,17,128,18,0,2,31,0,514
1941,1PR,0,0,7,9,44,14,4,0,0,0,0,2,4,36,31,28,2,83,1,0,6,2,11,15,47,2,0,0,0,1,7,356
1941,2PR,17,0,T,0,T,13,T,2,24,30,2,1,0,0,0,0,0,0,0,0,0,0,21,21,0,8,11,35,,,,185
1941,3PR,28,T,0,T,0,0,0,0,0,0,0,0,0,0,0,0,12,5,27,1,6,11,0,0,0,0,0,2,21,24,2,139
1941,4PR,41,T,32,45,52,2,15,3,1,0,T,0,0,T,7,32,0,0,0,0,0,0,0,0,0,0,0,0,8,1,,239
1941,5PR,T,30,12,62,25,2,29,0,T,0,T,50,26,T,T,15,83,12,0,0,0,0,0,0,0,T,T,37,1,9,1,394
1941,6PR,T,0,0,0,23,5,7,T,0,0,T,0,T,0,0,13,16,6,28,0,0,12,0,34,4,0,0,0,T,0,,148
1941,7PR,0,0,0,0,0,0,T,0,0,0,0,0,0,0,5,8,0,0,0,0,0,0,0,0,0,T,4,0,0,T,0,17
1941,8PR,0,0,9,0,0,0,T,0,0,0,0,0,T,0,0,0,0,T,0,0,0,0,14,19,3,21,8,0,0,1,T,75
1941,9PR,115,54,T,2,0,0,0,0,T,27,17,1,T,9,4,0,T,6,13,9,0,0,0,0,0,1,0,0,0,T,,258
1941,10PR,T,0,25,10,0,2,16,T,T,T,54,6,0,0,0,T,0,24,T,0,0,0,0,0,0,43,13,T,0,0,31,224
1941,11PR,44,3,33,4,21,T,0,0,1,0,26,T,107,170,202,70,0,1,12,0,4,1,0,0,0,0,0,3,14,16,,732
1941,12PR,8,347,50,9,T,21,0,T,T,T,0,T,15,9,80,68,110,91,133,10,22,38,11,7,2,0,28,11,12,11,0,1093
1942,1PR,0,T,11,0,0,61,162,19,T,0,0,2,1,0,6,19,0,0,T,0,0,5,17,38,9,33,33,2,0,12,33,463
1942,2PR,21,11,35,71,32,6,27,23,8,1,1,0,0,0,T,T,0,0,0,22,8,3,13,6,T,21,14,0,,,,323
1942,3PR,0,27,0,0,12,0,0,13,4,14,36,15,25,0,1,T,5,7,0,0,0,4,T,T,8,1,0,0,0,0,9,181
1942,4PR,0,0,22,28,4,0,T,0,T,0,T,0,7,1,T,10,22,0,0,0,T,12,0,12,18,2,30,5,T,33,,206
1942,5PR,7,3,27,T,0,0,T,T,34,66,0,0,0,21,14,T,0,3,8,0,5,38,T,54,29,11,24,28,T,0,0,372
1942,6PR,0,T,0,0,T,33,T,13,2,2,0,0,0,T,T,T,0,T,0,0,0,0,0,19,112,T,0,0,0,0,,181
1942,7PR,T,0,0,0,0,T,0,0,T,2,T,0,0,T,3,2,0,0,0,0,T,T,0,0,0,0,T,0,T,0,0,7
1942,8PR,T,0,0,0,T,0,0,0,0,T,T,0,0,0,0,0,0,0,0,0,0,0,0,0,0,5,T,0,0,0,0,5
1942,9PR,0,0,0,0,0,0,0,1,2,T,0,0,0,0,0,0,0,0,0,0,0,0,0,0,0,T,T,0,0,3,,6
1942,10PR,0,0,0,0,0,0,0,0,0,6,33,7,3,19,0,0,0,0,0,0,0,0,0,0,0,22,161,0,3,T,2,256
1942,11PR,118,68,38,38,10,8,122,3,0,0,0,0,26,131,57,20,65,0,T,T,49,3,99,26,0,94,T,18,128,2,,1123
1942,12PR,58,18,0,10,74,79,116,162,6,T,0,34,T,0,0,0,0,0,0,31,6,52,33,48,0,67,112,28,83,132,150,1299
1943,1PR,43,16,0,30,16,0,0,0,0,0,0,0,0,0,T,T,0,0,9,151,161,1,0,13,6,24,62,26,52,0,0,610
1943,2PR,29,21,17,25,2,86,26,5,2,1,T,0,0,0,0,0,0,0,0,0,0,0,0,0,0,0,0,0,,,,214
1943,3PR,0,0,0,0,0,3,45,12,0,0,0,4,52,10,2,0,T,T,0,0,0,1,T,9,17,39,1,54,99,52,70,470
1943,4PR,0,20,0,10,38,0,6,5,6,T,0,0,0,0,0,T,0,6,21,17,21,3,24,0,T,8,48,35,0,30,,298
1943,5PR,0,0,0,0,15,T,T,0,0,5,0,2,8,13,9,0,0,0,0,0,T,0,0,0,0,0,0,0,4,53,19,128
1943,6PR,31,13,4,0,3,0,0,0,0,0,2,T,5,0,0,0,10,0,49,T,32,23,24,1,19,0,0,0,0,0,,216
1943,7PR,0,T,18,0,0,0,0,9,0,0,0,0,0,0,0,0,0,0,0,0,0,0,0,0,0,0,0,0,0,0,0,27
1943,8PR,T,T,T,31,10,0,0,0,0,0,0,0,0,0,0,T,0,0,T,0,25,0,0,0,0,0,0,T,104,0,0,170
1943,9PR,0,T,0,0,0,0,0,0,0,0,T,T,T,0,0,0,0,0,0,0,0,0,0,0,0,6,0,0,0,0,,6
1943,10PR,0,T,T,T,0,8,0,0,T,22,8,1,8,0,3,0,44,T,54,37,59,54,116,132,T,0,2,T,16,3,0,567
1943,11PR,12,30,32,112,4,0,0,0,0,0,0,0,0,0,0,0,1,27,16,4,0,0,T,0,0,0,0,T,7,36,,281
1943,12PR,13,12,30,83,0,0,3,0,0,0,0,0,0,T,1,0,T,0,2,1,T,T,12,57,99,0,0,0,0,0,13,326
1944,1PR,45,3,0,1,30,T,T,T,4,3,25,4,1,T,23,2,12,0,0,0,0,20,48,17,1,0,0,0,0,T,27,266
1944,2PR,52,22,13,12,24,50,T,46,17,1,T,0,30,12,0,25,0,13,0,T,T,0,0,T,10,2,6,0,0,,,335
1944,3PR,0,1,24,26,T,T,9,14,20,0,0,7,0,0,0,0,T,1,1,T,0,1,38,T,T,T,0,0,0,0,0,142
1944,4PR,0,0,0,T,0,18,15,8,T,8,77,8,47,26,10,3,T,14,30,3,0,0,20,T,2,4,0,0,0,0,,293
1944,5PR,0,0,0,0,0,0,0,T,1,10,24,2,0,30,17,T,31,0,T,0,2,6,1,0,0,0,0,0,0,0,36,160
1944,6PR,4,21,T,0,0,0,T,T,0,2,T,T,T,0,0,7,3,2,0,T,T,0,0,T,0,0,0,0,0,10,,49
1944,7PR,0,0,0,0,0,T,0,0,0,0,0,0,0,0,0,0,0,T,1,0,0,0,0,0,0,0,0,0,0,0,0,1
1944,8PR,0,0,0,0,T,0,0,T,0,0,0,0,0,0,0,0,T,0,0,0,0,0,0,0,T,0,0,0,0,0,5,5
1944,9PR,8,0,0,0,0,0,0,0,0,0,0,0,6,13,0,2,14,16,0,0,44,0,0,0,0,0,0,T,19,0,,122
1944,10PR,T,0,T,18,0,0,0,0,0,0,T,T,0,0,T,0,1,0,0,0,0,T,0,T,0,0,0,0,7,67,33,126
1944,11PR,77,107,129,2,T,51,6,36,14,0,0,T,0,T,T,0,0,0,0,0,0,T,35,T,35,6,1,0,7,52,,558
1944,12PR,23,T,20,1,T,2,11,T,T,0,0,0,0,0,0,0,0,2,21,39,6,43,0,0,T,0,33,13,54,0,1,269
1945,1PR,4,0,0,14,14,39,11,0,1,23,7,17,28,32,96,2,19,2,0,T,0,0,0,0,0,0,0,0,33,67,37,446
1945,2PR,35,8,13,47,74,9,97,34,T,23,2,57,68,0,0,6,50,T,0,0,1,2,T,0,0,3,27,0,,,,556
1945,3PR,T,4,3,2,2,21,16,T,23,33,15,83,56,40,48,19,146,1,16,90,9,16,1,5,9,0,T,10,0,0,4,672
1945,4PR,T,T,0,15,52,21,87,20,7,12,28,5,0,0,0,0,0,0,0,0,0,0,69,1,23,0,6,T,T,0,,346
1945,5PR,0,0,0,0,0,0,0,0,31,2,19,70,27,10,61,34,10,T,T,2,0,3,2,0,0,T,22,T,T,0,T,293
1945,6PR,0,0,T,T,4,T,0,0,T,0,0,T,T,0,0,0,0,0,0,0,T,0,0,0,0,0,0,T,0,0,,4
1945,7PR,0,0,0,0,0,0,0,0,0,0,0,0,0,0,0,0,0,T,9,0,3,0,0,0,0,0,0,0,0,0,0,12
1945,8PR,0,0,0,0,T,0,T,0,0,0,T,0,0,0,0,0,0,0,0,0,0,T,0,4,33,2,0,0,0,0,0,39
1945,9PR,0,0,T,22,T,0,0,0,0,0,0,0,0,0,1,0,0,0,0,46,15,5,T,0,2,0,0,0,0,0,,91
1945,10PR,0,0,T,0,0,0,0,0,0,0,T,T,0,0,T,13,0,0,16,0,28,10,0,0,0,0,24,21,43,20,T,175
1945,11PR,2,1,T,5,13,28,7,3,77,92,40,26,T,20,63,89,25,189,24,0,0,0,3,16,85,107,155,67,23,0,,1160
1945,12PR,T,3,24,28,6,71,64,2,9,3,0,0,0,0,1,5,T,0,0,26,26,3,57,6,30,22,118,225,28,11,2,770
1946,1PR,18,27,26,120,13,3,89,0,16,1,0,0,0,T,0,0,0,5,2,T,66,37,22,85,3,0,T,22,37,0,T,592
1946,2PR,T,35,0,1,60,137,25,0,9,13,0,0,2,0,1,0,8,0,10,T,15,8,T,32,2,27,62,3,,,,450
1946,3PR,0,71,1,T,28,17,2,T,T,19,18,171,28,1,54,20,40,T,0,0,0,11,18,13,12,0,23,42,5,0,0,594
1946,4PR,0,T,2,T,0,T,5,22,18,3,0,0,0,0,0,0,0,3,2,5,1,0,0,0,T,8,0,T,15,0,,84
1946,5PR,0,0,0,T,0,0,2,T,0,0,0,0,0,0,0,0,0,0,0,0,T,12,T,36,42,36,T,7,0,0,0,135
1946,6PR,0,T,T,0,12,2,2,0,5,0,0,0,22,5,1,T,0,0,0,0,1,3,34,4,0,0,0,26,8,T,,125
1946,7PR,0,0,0,0,0,0,0,46,0,0,0,0,0,T,0,0,0,0,0,0,0,0,0,0,0,0,0,0,T,T,0,46
1946,8PR,0,0,0,0,0,T,0,0,0,0,0,0,T,0,0,0,0,0,T,0,0,T,0,0,0,0,0,T,2,T,0,2
1946,9PR,0,4,T,T,T,0,0,0,0,0,0,0,0,40,99,101,0,0,0,0,0,0,0,0,0,0,0,0,0,26,,270
1946,10PR,2,21,0,9,0,0,30,0,0,0,0,0,0,0,0,T,40,0,77,133,31,32,8,5,1,18,18,0,43,3,27,498
1946,11PR,39,0,0,0,0,13,11,T,13,10,0,0,0,0,0,T,87,134,14,42,100,34,77,24,92,121,41,12,T,0,,864
1946,12PR,3,T,14,2,T,3,8,14,T,1,40,50,128,76,44,0,0,0,0,1,0,1,0,0,0,18,5,T,0,0,0,408
1947,1PR,3,0,0,0,8,T,2,0,1,12,2,39,13,2,0,0,T,7,2,2,T,25,16,27,86,8,T,T,31,20,69,375
1947,2PR,69,36,0,0,0,0,0,0,6,2,41,51,5,50,40,8,0,0,0,0,0,0,0,T,0,0,0,0,,,,308
1947,3PR,25,109,7,13,0,6,30,26,57,60,3,0,0,0,0,0,0,0,T,0,T,97,36,0,0,0,0,T,76,79,16,640
1947,4PR,30,23,22,23,18,13,21,30,14,10,0,0,0,0,0,T,19,T,9,6,0,0,0,0,0,0,T,9,6,1,,254
1947,5PR,0,0,0,0,0,0,8,1,0,0,0,0,0,0,0,0,0,0,0,0,0,0,0,0,0,0,8,0,0,0,30,47
1947,6PR,53,19,11,0,45,30,25,35,28,16,0,0,0,0,11,34,0,0,0,5,0,0,0,0,0,9,38,3,0,0,,362
1947,7PR,0,T,0,0,0,0,0,0,0,0,T,1,0,T,T,0,0,0,0,0,0,0,0,5,20,88,136,7,0,6,0,263
1947,8PR,0,0,30,T,0,0,0,T,25,0,0,0,0,0,0,0,0,0,0,0,2,7,0,0,0,0,0,2,2,T,0,68
1947,9PR,0,1,0,0,0,41,13,12,T,0,0,0,0,0,0,0,29,0,0,0,0,0,0,0,0,0,0,T,0,0,,96
1947,10PR,T,T,0,1,0,0,2,6,80,101,4,0,10,2,301,73,35,1,175,44,0,18,12,0,4,1,15,1,19,1,108,1014
1947,11PR,43,22,2,40,14,4,13,T,9,12,2,0,70,23,11,T,4,2,1,4,0,0,0,0,0,1,T,0,T,17,,294
1947,12PR,T,45,12,0,0,T,49,5,31,10,T,1,28,2,0,20,27,36,1,0,27,0,0,0,0,0,26,43,4,0,23,390
1948,1PR,124,65,65,33,114,318,49,11,0,33,1,0,0,0,0,0,0,0,0,0,0,0,0,0,0,0,0,0,9,0,13,835
1948,2PR,14,0,10,18,0,0,24,66,48,0,0,0,0,58,92,19,11,8,5,70,151,27,T,0,7,29,13,1,0,,,671
1948,3PR,15,5,0,0,31,T,0,55,2,0,0,31,11,25,15,49,7,14,13,7,41,69,2,21,9,0,0,T,9,2,0,433
1948,4PR,0,15,12,13,27,14,1,22,8,25,T,2,3,40,20,25,15,0,0,T,18,33,4,1,1,1,T,8,T,1,,309
1948,5PR,0,5,79,7,5,10,15,7,0,T,0,22,8,0,0,30,T,T,19,1,10,0,0,T,T,5,53,40,9,0,T,325
1948,6PR,0,0,0,0,0,23,T,T,10,16,3,T,0,0,0,0,1,T,32,25,0,0,0,0,0,0,0,0,0,0,,110
1948,7PR,0,0,0,0,36,12,0,0,0,T,0,0,0,0,0,0,0,0,0,0,0,0,T,0,0,T,1,T,0,0,0,49
1948,8PR,0,T,0,0,0,0,0,0,0,0,0,0,T,23,1,4,9,1,2,0,10,3,T,0,0,0,0,0,0,3,0,56
1948,9PR,0,T,0,0,0,0,0,0,0,0,0,0,0,1,1,T,0,0,0,0,0,75,99,6,2,50,T,18,0,0,,252
1948,10PR,0,6,24,26,11,5,T,0,0,80,0,0,T,T,0,0,0,0,0,0,0,T,1,1,0,4,0,20,0,15,13,206
1948,11PR,92,61,33,0,13,0,T,0,0,0,T,3,T,57,49,56,47,24,17,1,1,4,42,3,35,17,0,48,1,15,,619
1948,12PR,T,130,13,37,67,41,21,2,40,186,87,45,12,5,0,0,0,0,16,2,1,1,0,1,0,0,T,8,78,3,71,867
1949,1PR,109,0,0,0,0,0,2,2,0,0,0,0,0,T,0,0,3,0,4,20,13,0,0,0,0,6,2,0,1,5,1,168
1949,2PR,1,15,40,28,4,69,16,15,42,98,6,T,T,91,37,16,226,125,2,8,6,140,0,0,0,0,0,0,,,,985
1949,3PR,7,5,0,1,41,0,T,23,13,1,T,0,26,8,46,2,37,16,21,21,11,6,2,0,4,27,22,0,12,T,0,352
1949,4PR,T,0,0,0,0,0,0,0,0,0,0,T,0,0,0,0,T,T,10,8,7,T,15,0,0,0,1,3,T,39,,83
1949,5PR,147,18,T,0,0,0,0,T,0,0,6,0,0,T,T,0,T,0,T,23,23,T,0,0,0,0,0,T,T,9,39,265
1949,6PR,4,0,0,0,0,0,0,0,0,0,0,0,0,0,0,T,0,0,12,3,0,0,0,0,T,T,0,7,6,0,,32
1949,7PR,0,0,0,0,0,0,0,0,0,0,0,0,0,0,0,0,0,0,1,0,0,0,T,T,0,0,0,0,0,0,T,1
1949,8PR,0,T,0,0,0,2,3,0,0,0,1,2,0,0,0,0,0,0,0,0,0,0,0,T,0,0,0,T,0,T,0,8
1949,9PR,0,0,0,0,T,0,0,14,28,T,0,0,0,T,16,11,0,0,2,0,0,0,0,0,0,0,T,T,2,0,,73
1949,10PR,0,0,0,33,16,60,T,0,10,29,7,T,0,0,4,T,T,T,0,0,0,0,0,0,T,3,3,29,T,0,0,194
1949,11PR,0,0,0,0,0,0,2,14,107,21,27,0,0,0,T,0,0,T,0,0,T,39,149,1,18,60,89,13,52,0,,592
1949,12PR,21,4,0,24,28,0,0,0,40,T,T,3,0,3,31,60,79,63,5,T,T,0,45,12,19,2,0,0,41,2,22,504
1950,1PR,13,4,16,T,T,121,77,26,27,129,15,14,101,8,56,16,43,59,11,89,83,48,20,14,T,153,127,3,9,9,1,1292
1950,2PR,0,0,27,13,41,21,5,48,T,25,3,11,41,17,29,30,0,1,1,T,T,3,65,129,0,18,0,0,,,,528
1950,3PR,T,35,T,T,17,0,0,26,17,22,T,0,17,0,T,91,54,32,2,3,50,45,25,8,7,19,32,1,0,T,0,503
1950,4PR,8,4,0,0,8,1,16,1,T,0,T,31,49,2,3,0,0,0,0,0,0,T,0,0,T,10,1,0,0,10,,144
1950,5PR,26,23,32,4,4,5,T,0,0,0,0,0,0,0,0,0,1,0,0,0,0,0,0,0,0,0,T,0,0,0,0,95
1950,6PR,0,0,0,0,0,22,22,0,6,4,38,2,0,0,T,0,T,0,0,T,0,1,27,5,T,T,0,0,0,0,,127
1950,7PR,0,0,0,0,0,0,0,T,T,0,0,0,0,0,0,0,0,0,T,0,0,0,0,0,0,0,1,9,T,0,0,10
1950,8PR,0,0,0,0,0,0,0,0,0,0,0,0,0,0,0,0,0,0,0,0,0,5,35,3,0,0,0,0,0,0,0,43
1950,9PR,0,0,0,0,0,0,0,0,0,0,0,0,0,0,0,0,0,0,0,0,0,0,0,38,30,24,0,0,0,0,,92
1950,10PR,0,34,96,25,70,23,0,39,0,0,0,0,0,22,0,58,87,31,66,10,T,1,0,9,32,91,126,193,191,56,6,1266
1950,11PR,52,T,T,2,2,5,T,7,0,0,1,0,10,32,361,85,178,17,13,17,10,0,1,23,0,38,6,0,46,37,,943
1950,12PR,37,47,53,13,30,59,T,6,9,4,24,1,23,25,26,18,T,T,16,0,5,2,0,0,4,5,7,9,1,29,3,456
1951,1PR,1,115,11,9,0,T,7,3,30,6,13,0,53,76,60,59,152,32,53,14,98,19,54,T,20,T,T,0,0,0,0,885
1951,2PR,T,35,9,126,22,38,40,T,T,59,74,0,0,0,34,0,29,5,12,12,5,0,0,7,9,0,7,T,,,,523
1951,3PR,6,0,54,46,87,35,11,63,26,T,4,9,T,3,27,0,0,0,0,T,1,T,0,0,3,0,0,T,4,11,0,390
1951,4PR,0,0,0,0,0,0,0,0,0,0,0,0,0,0,0,0,0,0,0,0,0,0,0,0,0,0,14,7,12,22,,55
1951,5PR,3,15,11,4,13,12,T,0,0,18,4,66,8,0,0,0,0,0,0,0,0,1,17,0,T,0,0,0,0,3,0,175
1951,6PR,0,0,0,T,T,T,0,0,0,0,0,T,0,0,0,0,0,0,0,0,0,0,0,0,0,0,0,0,0,0,,T
1951,7PR,0,T,1,T,T,0,0,0,0,0,0,0,0,0,0,0,0,0,0,0,0,0,0,0,T,0,0,0,0,0,0,1
1951,8PR,0,0,0,0,0,0,0,0,0,0,0,0,0,0,0,0,0,0,0,0,0,T,0,0,0,0,0,51,T,0,0,51
1951,9PR,0,0,0,0,0,0,21,0,0,0,0,0,0,0,0,T,0,0,0,0,0,0,0,T,6,0,T,17,18,60,,122
1951,10PR,110,67,3,T,0,0,0,0,0,T,74,T,4,32,9,T,0,29,7,24,52,87,69,6,0,0,0,0,T,0,0,573
1951,11PR,0,0,10,0,T,T,0,0,56,78,127,32,59,2,0,0,0,0,18,18,T,0,T,T,63,36,71,45,74,51,,740
1951,12PR,16,27,143,87,32,17,0,0,0,0,1,3,0,0,2,8,22,62,5,T,46,T,10,T,0,110,39,34,101,17,T,782
1952,1PR,0,T,43,3,27,16,4,1,97,35,19,0,30,18,7,T,0,3,31,55,34,59,18,7,T,2,0,T,6,33,68,616
1952,2PR,42,23,113,T,0,0,0,0,1,0,14,12,1,13,52,3,4,36,23,3,0,45,1,0,42,5,T,0,T,,,433
1952,3PR,0,0,27,9,T,0,0,0,16,13,1,1,T,4,0,0,30,23,4,17,0,0,21,11,2,0,0,T,5,5,1,190
1952,4PR,14,16,0,0,0,T,0,0,0,0,T,1,51,T,0,0,0,5,1,0,0,0,0,T,T,0,3,6,T,32,,129
1952,5PR,0,0,T,0,T,1,2,4,0,0,7,0,5,6,0,0,0,0,4,T,0,0,0,0,0,0,0,0,0,0,0,29
1952,6PR,0,0,0,0,T,T,0,0,0,19,50,3,1,95,0,0,0,0,0,20,T,4,5,0,0,0,13,156,110,0,,476
1952,7PR,0,0,0,0,0,0,0,0,0,0,0,0,0,0,0,0,0,0,0,0,0,0,T,0,0,0,0,0,0,0,0,T
1952,8PR,0,0,0,0,0,0,0,T,0,0,0,0,0,0,0,0,0,0,0,0,0,0,T,9,0,0,0,0,0,0,0,9
1952,9PR,0,0,0,9,T,T,0,59,1,0,0,5,0,0,0,0,0,0,0,0,0,0,0,0,0,T,0,0,0,0,,74
1952,10PR,0,0,0,0,0,0,0,0,1,0,0,0,0,0,0,0,0,1,0,T,T,0,18,0,0,0,0,0,14,1,27,62
1952,11PR,0,0,0,0,0,0,0,0,3,7,5,40,19,68,T,0,0,0,0,0,0,0,0,0,0,0,0,0,0,29,,171
1952,12PR,23,80,9,71,42,114,92,37,4,75,9,0,0,1,0,0,0,16,7,2,33,9,0,2,3,17,3,18,51,11,8,737
1953,1PR,73,4,0,0,T,5,45,176,19,4,43,59,51,5,26,64,84,158,9,113,1,13,0,6,55,65,2,4,1,T,28,1113
1953,2PR,0,82,88,27,40,2,49,0,0,0,0,0,0,13,22,71,120,8,0,7,T,2,0,0,0,0,1,9,,,,541
1953,3PR,T,4,T,0,0,0,0,0,0,36,29,6,0,2,42,85,18,23,20,84,41,16,0,38,0,T,6,13,0,25,0,488
1953,4PR,0,0,0,T,T,1,9,0,0,T,1,21,1,1,0,22,9,0,6,0,0,13,T,0,24,62,18,10,29,28,,255
1953,5PR,8,T,0,0,T,12,15,34,4,0,0,0,22,T,1,T,7,48,8,23,20,20,60,44,25,80,10,0,0,T,0,441
1953,6PR,0,T,T,T,66,13,6,10,14,0,T,3,T,0,0,0,0,0,12,0,0,0,0,0,0,0,3,11,T,25,,163
1953,7PR,0,0,0,0,0,0,0,0,0,0,0,T,0,0,0,0,0,0,0,0,0,0,0,0,0,0,0,0,0,0,0,T
1953,8PR,0,0,T,8,0,T,0,0,0,0,0,0,0,T,0,0,0,0,0,2,0,0,T,13,58,6,0,22,0,0,0,109
1953,9PR,0,0,0,0,8,T,T,0,0,0,T,0,0,0,0,0,0,0,0,0,T,4,0,0,0,0,1,20,0,70,,103
1953,10PR,60,0,0,0,0,0,0,0,73,39,T,0,T,2,0,4,79,41,0,7,0,0,0,0,0,0,0,0,T,0,0,305
1953,11PR,12,0,0,0,37,33,2,T,0,12,2,0,6,2,34,58,15,2,40,3,120,193,40,T,0,20,7,T,4,9,,651
1953,12PR,11,4,47,47,32,115,34,10,56,3,0,7,0,0,0,0,34,7,272,21,T,0,8,0,0,16,0,1,0,0,15,740
1954,1PR,1,69,26,26,0,11,34,9,18,T,0,0,T,40,124,104,59,35,0,0,3,97,25,21,99,46,266,104,22,0,4,1243
1954,2PR,0,0,0,0,0,0,0,0,0,1,53,83,24,T,T,T,86,10,55,28,24,0,0,T,1,T,0,0,,,,365
1954,3PR,0,0,0,0,0,0,36,67,69,41,2,0,0,0,T,T,2,0,T,0,0,0,T,T,0,5,66,0,0,0,2,290
1954,4PR,T,35,76,28,56,5,T,21,10,0,0,11,6,0,0,T,0,0,0,0,0,0,0,0,0,6,1,0,0,T,,255
1954,5PR,0,12,1,T,0,0,0,T,0,0,T,0,0,0,0,0,0,0,0,T,0,0,0,T,9,4,0,0,2,15,16,59
1954,6PR,0,0,T,8,11,T,8,40,T,5,20,6,T,17,20,5,T,0,4,T,0,0,0,0,T,T,0,0,0,7,,151
1954,7PR,T,0,0,0,0,T,8,T,10,1,0,0,0,0,0,0,0,0,0,T,0,0,0,0,0,0,0,0,0,0,0,19
1954,8PR,0,0,0,0,0,0,0,0,0,0,0,0,1,0,T,0,0,0,5,9,0,0,3,15,30,3,9,T,1,7,0,83
1954,9PR,0,0,T,0,0,0,10,0,0,12,19,1,0,39,10,4,0,0,0,0,0,0,0,T,0,0,0,0,0,0,,95
1954,10PR,0,0,0,0,0,3,2,0,T,5,30,70,0,0,0,3,0,3,58,T,75,25,0,0,0,0,0,0,0,0,0,274
1954,11PR,0,T,0,0,25,18,2,19,0,4,40,2,5,81,48,100,68,13,24,0,0,0,T,0,15,2,T,0,T,0,,466
1954,12PR,0,T,7,T,51,65,2,5,22,0,0,42,39,9,2,0,0,0,0,0,0,3,39,17,36,1,3,11,44,60,25,483
1955,1PR,1,1,0,47,13,0,0,30,10,0,0,6,12,0,73,49,T,0,0,9,37,T,0,3,3,T,0,0,T,7,25,326
1955,2PR,11,2,0,9,2,8,T,43,0,0,0,T,0,0,0,4,T,0,0,0,0,T,0,15,16,15,28,53,,,,206
1955,3PR,35,5,6,T,0,0,0,0,0,3,3,23,50,9,T,0,0,0,0,0,1,71,18,7,T,0,4,28,31,10,0,304
1955,4PR,10,1,T,0,0,0,0,T,29,21,82,87,36,T,8,30,T,T,17,47,30,8,2,0,14,6,T,37,0,0,,465
1955,5PR,T,T,0,0,0,0,0,0,0,0,0,2,10,20,2,1,T,0,0,0,0,0,T,T,2,2,0,0,T,3,3,45
1955,6PR,0,0,13,1,0,0,0,0,T,0,0,0,0,0,0,0,0,0,0,0,0,10,7,T,T,0,50,4,T,1,,86
1955,7PR,1,0,0,0,3,0,1,30,1,0,0,0,0,0,T,1,0,0,0,0,0,0,0,0,0,45,0,0,0,0,0,82
1955,8PR,0,0,0,0,0,0,0,0,0,0,0,0,0,0,0,T,0,0,0,0,0,0,0,0,0,0,0,0,0,T,0,0
1955,9PR,0,0,0,0,0,0,0,0,0,0,0,0,41,5,43,5,10,0,0,0,0,0,10,0,0,0,24,T,0,0,,138
1955,10PR,0,0,13,12,0,0,5,35,362,6,14,2,0,0,0,0,0,T,0,0,T,0,0,0,52,3,8,T,9,43,125,689
1955,11PR,3,1,T,44,T,T,1,0,0,T,12,1,1,T,5,41,10,104,92,0,3,18,33,9,104,71,0,22,5,89,,669
1955,12PR,29,21,T,0,80,28,0,122,1,85,24,36,0,6,45,56,T,107,204,302,312,24,31,0,259,161,15,T,0,0,1,1949
1956,1PR,32,16,56,153,T,168,31,0,33,19,2,36,T,117,133,17,28,4,38,37,20,86,36,6,0,4,15,0,2,0,0,1089
1956,2PR,0,0,0,10,T,0,0,T,T,T,9,18,T,8,T,T,24,3,8,208,96,23,29,26,24,18,2,22,1,,,529
1956,3PR,22,46,113,71,23,0,3,15,T,T,0,T,T,0,0,0,0,0,T,18,T,6,0,11,26,68,0,1,T,48,12,483
1956,4PR,2,T,0,T,0,1,22,0,0,43,20,0,0,0,9,T,0,0,0,0,0,0,0,0,T,0,T,T,T,0,,97
1956,5PR,0,0,10,20,8,74,10,2,0,27,4,2,0,0,0,0,0,0,0,0,0,0,0,0,0,24,0,0,0,36,T,217
1956,6PR,4,0,21,15,0,T,0,0,0,4,0,0,7,32,T,T,0,12,10,0,0,0,0,0,0,0,0,0,0,0,,105
1956,7PR,0,0,T,0,T,0,0,0,0,T,T,0,0,0,0,0,0,0,T,0,0,0,0,0,0,0,0,0,0,0,0,T
1956,8PR,32,9,0,0,0,0,0,0,0,0,0,0,0,0,0,0,0,0,0,0,T,0,0,0,6,0,0,0,0,0,0,47
1956,9PR,0,0,0,0,0,0,0,0,14,47,0,0,0,0,0,0,0,0,T,13,0,0,0,0,0,0,0,0,0,0,,74
1956,10PR,0,0,0,0,0,0,0,0,32,28,T,6,0,0,0,T,60,41,0,37,37,69,29,5,171,60,3,T,124,107,24,833
1956,11PR,18,0,0,0,T,3,T,T,0,0,0,4,5,T,6,76,6,2,0,0,0,0,0,0,0,0,0,0,0,0,,120
1956,12PR,0,0,37,57,15,29,2,T,38,60,76,41,7,1,36,0,4,3,0,32,4,T,8,T,0,0,0,0,0,6,0,456
1957,1PR,30,0,0,0,0,16,85,7,T,49,2,0,20,6,5,0,0,0,28,4,T,4,3,17,8,0,0,0,0,0,14,298
1957,2PR,70,0,0,T,T,0,62,9,2,T,T,0,5,3,0,0,0,0,2,15,24,83,41,142,101,28,0,0,,,,587
1957,3PR,T,14,20,63,58,102,122,46,24,27,70,79,5,13,33,9,23,0,0,20,13,9,T,7,14,0,0,19,12,56,8,866
1957,4PR,T,T,0,T,42,12,0,0,0,0,14,32,17,70,T,14,4,T,0,0,0,0,1,T,0,0,0,0,6,4,,216
1957,5PR,25,57,0,0,T,0,1,36,T,12,0,6,46,22,0,0,61,18,20,T,2,5,0,0,0,0,0,0,0,0,0,311
1957,6PR,0,0,0,0,4,0,0,0,T,0,2,0,28,51,T,0,0,0,0,T,0,0,0,0,0,0,0,T,0,0,,85
1957,7PR,0,0,0,0,0,0,0,0,0,0,0,0,13,3,3,0,0,0,0,0,0,0,0,0,0,0,0,0,0,0,0,19
1957,8PR,0,0,8,0,34,6,4,2,0,T,0,0,0,0,0,0,0,0,0,0,0,0,0,0,0,0,0,0,0,0,0,54
1957,9PR,0,T,0,0,0,0,T,0,0,0,0,0,0,0,0,0,0,T,0,0,0,0,0,0,T,90,2,T,11,T,,103
1957,10PR,2,48,20,20,18,34,T,28,2,2,0,81,12,2,0,0,0,0,0,0,0,0,4,5,25,0,0,0,0,10,0,313
1957,11PR,0,0,0,0,0,0,T,1,0,56,10,60,68,35,0,0,33,15,0,0,0,0,0,0,0,0,1,2,0,T,,281
1957,12PR,28,2,T,0,17,50,6,0,0,0,0,0,T,3,4,50,135,75,324,172,133,20,6,34,63,26,94,34,6,T,0,1282
1958,1PR,19,3,0,0,0,0,0,30,11,72,38,76,4,16,0,96,31,0,0,27,0,0,78,24,8,0,62,51,206,83,T,935
1958,2PR,0,T,T,T,10,21,51,14,17,9,80,51,T,84,270,33,28,T,4,0,0,49,6,176,55,55,1,0,,,,1014
1958,3PR,0,T,0,0,6,0,24,58,4,0,0,2,6,0,0,0,10,2,0,3,9,4,36,2,10,0,0,0,39,9,8,232
1958,4PR,8,44,T,10,0,35,2,T,8,T,0,0,6,0,28,13,56,2,4,22,11,33,36,0,T,0,0,0,0,0,,318
1958,5PR,0,0,0,0,0,0,0,0,0,0,13,0,0,0,0,0,0,10,T,0,0,8,T,46,2,T,40,T,0,8,26,153
1958,6PR,T,48,1,0,T,18,2,66,0,2,T,0,0,0,0,0,0,0,0,0,0,0,1,49,0,0,12,0,15,T,,214
1958,7PR,T,0,0,0,0,0,0,T,0,0,0,0,0,0,0,0,T,0,T,0,0,0,0,0,0,0,0,0,0,0,0,T
1958,8PR,0,0,T,0,0,0,T,0,0,0,0,0,0,0,0,0,0,0,0,0,0,0,0,0,0,0,T,0,3,0,0,3
1958,9PR,2,0,0,0,0,0,0,28,0,2,0,80,6,10,0,10,0,0,4,0,3,T,T,1,2,0,0,0,0,0,,148
1958,10PR,0,0,0,0,0,0,0,18,0,0,0,0,0,0,T,0,25,38,62,0,0,13,T,0,0,0,0,0,0,0,78,234
1958,11PR,0,41,24,30,5,65,20,66,91,T,T,86,44,32,2,0,T,103,173,T,0,0,T,5,0,0,0,0,T,T,,787
1958,12PR,8,5,4,0,2,11,14,14,31,7,26,0,0,0,0,0,0,T,2,63,T,0,4,34,8,99,62,4,3,T,0,401
1959,1PR,12,6,0,22,33,6,16,181,124,58,300,4,0,0,8,58,3,T,1,0,T,T,28,45,2,49,261,2,18,T,2,1239
1959,2PR,0,0,0,0,0,18,4,3,65,7,0,0,193,131,64,3,2,19,1,14,0,T,0,0,2,15,0,0,,,,541
1959,3PR,T,0,0,0,0,0,0,T,33,0,4,7,9,0,0,0,20,31,0,2,22,12,16,2,64,10,3,38,41,46,1,361
1959,4PR,2,T,0,0,T,0,0,0,0,0,0,0,0,5,T,0,T,T,0,0,0,0,0,0,20,26,10,T,1,26,,90
1959,5PR,10,2,T,15,23,0,0,24,0,0,0,0,T,73,6,T,30,27,0,0,0,0,0,0,T,4,2,0,0,0,0,216
1959,6PR,0,T,0,38,8,0,0,T,14,0,0,T,0,T,0,0,T,0,0,0,T,0,T,0,6,1,T,13,0,0,,80
1959,7PR,0,0,0,0,22,T,10,0,0,0,0,0,0,0,0,0,0,0,0,0,0,0,0,0,0,0,0,0,0,0,0,32
1959,8PR,0,0,0,0,0,0,0,0,0,0,T,T,0,0,0,0,0,0,0,0,0,0,0,0,0,0,0,2,0,0,4,6
1959,9PR,0,0,0,T,6,T,T,0,0,0,0,0,T,0,11,T,8,16,24,1,T,0,0,T,3,17,T,2,T,0,,88
1959,10PR,0,0,0,0,T,T,55,57,16,3,30,0,0,0,0,0,0,0,34,T,25,2,0,T,0,0,T,1,0,0,0,223
1959,11PR,0,0,12,0,0,0,0,0,0,T,0,0,0,0,T,0,0,8,6,59,7,50,0,T,T,0,T,0,T,T,,142
1959,12PR,0,4,0,0,0,2,10,0,10,2,58,66,1,0,T,T,T,7,0,2,0,T,37,45,13,0,0,0,T,19,T,276
1960,1PR,0,0,0,0,0,11,70,64,0,8,54,T,6,3,19,52,34,25,1,0,T,1,5,T,11,T,93,4,22,T,T,483
1960,2PR,54,15,68,18,18,72,60,152,74,7,T,39,1,22,21,0,12,5,T,2,T,T,0,0,14,0,0,0,0,,,654
1960,3PR,2,48,71,96,121,77,46,120,16,0,2,27,22,T,58,0,0,0,0,0,0,0,T,0,0,20,29,6,154,36,30,981
1960,4PR,2,0,0,0,0,T,0,4,0,16,35,8,38,54,13,0,10,36,7,33,28,0,T,12,14,1,18,T,0,0,,329
1960,5PR,1,2,24,5,0,52,4,0,0,T,15,37,28,0,15,12,15,T,T,47,15,15,1,29,86,41,0,0,0,0,0,444
1960,6PR,0,0,0,0,0,0,0,0,0,0,0,0,0,7,T,0,0,0,T,0,0,0,0,0,0,0,0,0,0,0,,7
1960,7PR,0,0,0,0,0,0,0,0,0,0,0,0,T,0,0,0,0,0,0,0,0,0,0,0,T,0,0,0,0,0,0,T
1960,8PR,T,0,0,0,0,0,0,0,0,0,0,0,0,0,T,0,0,0,0,0,8,10,18,1,0,2,0,0,0,0,8,47
1960,9PR,6,0,56,9,T,0,0,0,T,T,T,0,0,0,0,0,0,0,4,0,0,T,T,0,0,0,0,0,0,0,,75
1960,10PR,0,0,0,0,3,15,24,7,0,0,21,15,0,0,0,0,0,0,T,0,T,T,15,0,10,35,T,T,0,T,20,165
1960,11PR,2,28,0,0,0,0,T,0,T,110,6,20,18,80,57,1,106,38,T,40,12,1,230,418,35,T,0,0,0,T,,1202
1960,12PR,19,1,9,8,T,0,0,0,0,T,3,0,0,T,4,65,84,71,16,0,0,0,0,8,14,16,0,0,0,0,3,321
1961,1PR,T,T,0,18,56,16,78,26,11,0,5,39,20,12,T,4,6,0,0,0,0,0,6,T,0,0,0,T,58,157,13,525
1961,2PR,82,7,T,12,28,18,T,16,239,387,30,20,34,61,30,2,22,6,T,4,47,8,0,46,36,12,11,0,,,,1158
1961,3PR,103,4,9,3,128,82,T,4,47,68,50,35,27,16,8,14,T,0,82,8,T,42,6,6,2,88,10,0,0,0,0,842
1961,4PR,0,0,T,0,0,0,0,T,0,0,1,10,4,0,0,3,T,30,4,8,56,2,T,0,0,0,0,T,30,T,,148
1961,5PR,28,6,4,12,14,21,0,16,50,67,11,0,T,10,0,0,0,0,0,4,0,10,4,0,0,24,0,0,2,4,0,287
1961,6PR,0,0,0,0,0,26,0,10,T,6,34,0,0,0,0,0,T,0,0,0,0,0,0,0,0,T,0,0,T,0,,76
1961,7PR,0,0,0,2,26,T,0,0,0,0,0,0,4,0,0,0,0,0,0,0,0,0,0,0,0,0,0,0,0,0,0,32
1961,8PR,0,0,0,T,0,0,0,0,0,0,T,T,T,T,T,0,0,0,0,0,0,0,0,0,0,6,0,0,0,0,28,34
1961,9PR,34,T,0,0,T,0,0,0,0,0,0,0,0,8,38,32,0,T,T,0,0,0,0,0,0,0,0,T,0,0,,112
1961,10PR,0,0,0,0,0,5,9,0,2,88,49,13,T,0,0,T,0,0,0,12,7,1,45,T,12,92,96,0,0,0,0,431
1961,11PR,8,15,19,0,0,0,0,0,T,12,62,0,0,T,0,0,1,23,0,T,119,293,217,20,0,4,29,8,2,104,,936
1961,12PR,18,0,0,22,T,0,3,3,0,0,0,0,74,48,15,95,101,64,101,111,30,0,0,16,0,23,11,T,2,0,T,737
1962,1PR,0,11,24,0,38,T,0,0,0,0,2,8,T,8,0,T,19,21,8,0,0,0,0,0,T,0,T,0,0,0,0,139
1962,2PR,0,0,0,0,T,32,31,13,59,15,T,28,92,27,1,13,56,0,0,0,0,16,15,0,0,0,T,55,,,,453
1962,3PR,40,49,25,T,16,7,T,17,5,12,15,0,0,0,T,2,0,0,27,3,26,47,3,108,156,142,7,0,0,0,0,707
1962,4PR,T,0,0,11,T,T,26,15,T,0,0,0,0,3,11,0,0,0,10,T,0,0,0,17,0,38,132,43,0,T,,306
1962,5PR,2,0,70,0,T,18,2,32,11,0,T,1,0,0,T,0,T,3,3,0,0,10,9,4,9,0,0,18,T,0,0,192
1962,6PR,0,41,16,0,0,0,0,0,0,0,0,0,0,0,0,T,0,0,0,0,0,0,0,0,9,0,0,0,0,0,,66
1962,7PR,0,0,0,0,0,0,0,0,T,0,0,0,0,0,0,0,0,0,0,0,0,0,0,0,0,0,0,0,0,0,0,T
1962,8PR,T,24,35,2,0,10,47,T,0,0,0,0,0,0,0,T,0,0,0,0,T,0,0,0,0,0,0,0,0,0,0,118
1962,9PR,0,0,0,0,0,0,0,0,0,48,0,T,T,T,0,0,0,0,0,0,0,0,0,0,0,0,23,122,0,0,,193
1962,10PR,0,53,5,0,T,14,154,50,67,56,98,122,14,T,0,0,0,0,0,0,0,0,T,0,0,T,0,0,0,0,T,633
1962,11PR,0,0,0,5,15,0,22,81,14,18,16,23,T,0,65,T,23,T,1,55,4,6,0,T,206,49,10,T,T,21,,634
1962,12PR,36,141,1,0,5,0,T,T,T,T,0,5,24,13,44,T,4,0,2,0,0,T,0,0,0,0,0,0,6,16,6,303
1963,1PR,5,43,T,0,0,0,0,0,T,0,0,0,T,2,0,0,0,T,0,0,0,0,0,0,T,0,0,30,4,50,121,255
1963,2PR,86,64,99,23,T,17,0,T,0,0,0,8,30,0,12,T,54,60,14,2,5,0,0,0,46,7,0,T,,,,527
1963,3PR,6,32,0,0,0,0,0,0,0,0,6,0,0,18,22,1,T,T,T,0,8,17,49,0,T,18,82,104,221,113,20,717
1963,4PR,T,8,4,T,61,45,29,T,26,5,0,86,19,65,84,27,1,13,6,12,0,T,0,14,3,T,0,0,12,3,,523
1963,5PR,20,26,0,16,157,138,29,T,T,T,5,0,0,0,0,0,0,0,0,0,0,4,0,0,0,0,0,0,0,0,0,395
1963,6PR,0,14,0,2,T,0,0,0,0,0,0,0,0,0,0,0,0,0,0,T,36,33,2,16,4,0,6,25,2,0,,140
1963,7PR,0,0,12,1,0,T,19,T,T,T,0,0,0,0,0,0,0,0,0,0,T,T,T,0,0,0,0,0,0,0,0,32
1963,8PR,0,0,0,0,0,0,0,0,0,0,0,0,0,0,0,0,0,0,T,T,0,T,11,T,0,0,0,0,0,6,T,17
1963,9PR,10,0,0,0,0,0,0,0,4,0,0,T,13,52,117,5,0,0,0,0,0,18,0,0,0,0,0,0,0,0,,219
1963,10PR,0,0,0,11,24,0,0,1,7,T,4,T,T,0,T,0,T,0,0,13,T,108,22,14,T,T,0,25,0,10,0,239
1963,11PR,11,0,37,13,47,15,200,98,21,6,0,0,52,133,7,T,29,1,12,2,4,17,80,T,0,2,0,0,0,0,,787
1963,12PR,0,0,0,0,41,4,T,54,T,0,0,0,0,3,0,0,0,4,29,63,22,1,0,7,3,43,7,25,0,0,3,309
1964,1PR,53,T,8,0,62,148,0,T,58,4,0,0,56,4,10,88,183,129,377,32,11,39,T,107,24,0,4,2,41,T,43,1483
1964,2PR,1,0,0,1,0,0,0,0,0,9,T,19,1,11,13,2,T,0,0,0,0,0,0,0,0,0,0,13,16,,,86
1964,3PR,41,25,4,42,49,18,0,15,2,2,102,68,T,8,T,0,6,T,0,13,21,15,13,2,T,T,0,0,0,0,7,453
1964,4PR,17,15,0,T,T,0,0,0,51,2,5,0,0,0,T,T,0,0,0,0,0,10,10,0,T,T,0,0,13,5,,128
1964,5PR,20,T,0,1,44,0,4,0,T,T,0,4,0,0,0,3,T,0,1,13,T,T,0,0,0,0,0,0,0,0,0,90
1964,6PR,T,0,1,50,3,17,7,T,0,0,0,0,T,T,0,11,T,40,0,0,0,0,0,0,0,0,0,0,0,0,,129
1964,7PR,T,T,0,0,0,0,0,10,0,0,0,0,0,18,4,0,0,0,0,0,T,0,0,0,0,0,0,T,0,13,9,54
1964,8PR,T,T,10,11,0,0,0,0,0,0,0,T,0,0,0,0,0,T,0,0,0,0,0,0,0,T,T,6,0,T,0,27
1964,9PR,0,0,0,0,0,0,T,0,0,0,0,0,0,T,0,26,17,0,3,T,0,0,0,0,0,0,0,0,0,27,,73
1964,10PR,0,T,0,0,0,0,14,0,T,0,0,0,0,4,15,1,0,0,0,0,0,0,0,T,T,0,20,0,49,0,0,103
1964,11PR,55,T,3,56,T,0,T,20,24,79,134,76,42,0,0,0,0,0,0,T,2,26,40,102,67,68,109,71,T,96,,1070
1964,12PR,127,11,2,56,T,12,31,5,44,41,6,0,3,49,12,T,0,16,142,172,325,325,208,31,65,130,69,76,112,28,1,2099
1965,1PR,0,68,60,13,48,40,2,28,8,111,T,T,0,0,0,0,0,0,2,8,3,9,182,21,37,11,226,102,3,10,0,992
1965,2PR,0,0,T,0,13,0,0,36,0,T,T,T,12,T,0,T,0,0,T,0,4,1,0,0,0,65,27,2,,,,160
1965,3PR,0,0,0,0,0,0,0,0,0,0,T,0,0,0,0,0,0,0,0,0,0,0,0,0,39,36,T,0,0,T,4,79
1965,4PR,22,0,0,0,7,0,T,2,48,T,0,0,T,0,6,1,1,84,50,58,1,0,6,T,0,0,0,6,0,T,,292
1965,5PR,1,T,T,5,14,0,0,0,0,0,0,0,0,0,T,8,0,T,57,1,4,0,T,0,0,0,0,0,0,0,0,90
1965,6PR,0,0,0,0,0,0,0,T,0,T,10,0,8,26,0,0,0,0,0,0,0,0,0,0,0,T,0,0,0,0,,44
1965,7PR,0,0,0,0,0,T,0,0,0,1,0,0,0,0,0,0,0,0,0,22,1,0,0,0,0,T,0,0,0,0,0,24
1965,8PR,T,0,0,0,0,0,0,0,T,T,39,11,0,0,0,0,0,4,4,0,0,0,0,10,22,0,0,0,0,0,0,90
1965,9PR,0,0,0,0,0,0,0,0,0,0,0,T,0,T,0,0,0,0,0,0,0,0,0,0,0,0,T,0,0,0,,T
1965,10PR,0,0,0,95,22,0,0,0,0,0,0,4,2,48,17,0,36,1,T,0,0,0,0,0,0,0,18,0,0,T,0,243
1965,11PR,0,12,102,19,0,4,17,5,0,69,101,129,57,1,0,2,24,12,28,50,3,32,8,T,2,66,T,0,0,T,,743
1965,12PR,6,T,T,43,0,T,26,0,T,T,T,T,20,0,0,0,0,0,0,T,17,T,80,88,30,T,132,132,53,92,50,769
1966,1PR,81,153,387,58,216,19,11,21,0,18,T,8,8,19,4,0,0,0,0,0,17,1,6,4,0,0,0,8,1,57,0,1097
1966,2PR,0,0,T,24,16,12,T,4,20,0,42,T,0,4,0,0,0,0,23,2,0,4,2,T,T,T,16,14,,,,183
1966,3PR,23,5,0,12,38,45,6,62,118,0,T,26,27,48,15,11,T,11,59,80,9,0,0,0,0,0,T,0,0,0,0,595
1966,4PR,0,0,0,0,0,0,0,T,25,10,17,T,0,T,0,0,0,0,0,T,T,0,0,0,0,T,0,0,0,0,,52
1966,5PR,0,0,0,T,31,2,0,0,0,0,0,T,0,T,21,T,0,0,0,0,T,T,0,0,0,T,0,0,0,T,T,54
1966,6PR,T,20,0,0,0,T,T,0,0,3,T,0,0,0,T,0,0,0,0,0,0,T,T,0,0,0,0,T,0,T,,23
1966,7PR,23,22,0,0,0,0,0,0,T,0,0,0,0,0,0,0,0,0,0,0,0,0,0,T,0,0,0,0,0,0,0,45
1966,8PR,0,0,0,T,0,0,0,0,0,0,0,0,0,0,0,0,0,0,0,0,0,0,0,0,0,T,2,0,T,0,0,2
1966,9PR,0,0,0,0,0,0,0,0,0,8,44,0,T,T,T,9,46,10,0,0,0,2,0,7,13,5,0,0,0,0,,144
1966,10PR,T,T,0,0,0,4,0,3,0,0,1,21,0,T,T,0,0,0,4,66,21,49,T,T,T,20,0,0,T,4,T,193
1966,11PR,0,0,0,0,14,7,1,0,29,112,54,38,194,108,161,19,2,T,116,4,2,0,0,0,10,0,T,6,9,24,,910
1966,12PR,53,18,9,250,64,82,132,7,52,27,20,20,39,T,T,0,0,0,10,17,T,0,8,8,5,0,0,T,T,0,10,831
1967,1PR,2,T,42,42,19,18,0,0,0,34,14,46,8,0,11,T,0,0,214,108,45,1,2,T,42,122,152,59,39,13,0,1033
1967,2PR,11,1,0,T,0,0,0,0,T,0,17,0,48,14,49,11,15,T,0,0,0,0,0,2,1,0,0,44,,,,213
1967,3PR,12,3,0,0,0,0,0,T,58,37,6,1,1,T,T,10,28,12,T,T,T,14,75,5,T,0,0,18,6,4,0,290
1967,4PR,0,0,0,T,2,T,T,T,2,T,0,T,68,8,T,34,T,57,T,T,0,T,0,4,50,50,2,8,17,0,,302
1967,5PR,0,0,0,0,0,0,0,0,78,14,8,0,0,0,0,0,0,0,0,0,0,0,0,0,0,0,0,27,2,29,1,159
1967,6PR,88,0,0,0,0,0,0,0,0,0,0,0,0,0,0,0,0,0,0,T,71,11,0,0,0,0,0,0,0,0,,170
1967,7PR,0,0,0,0,0,0,0,0,0,0,0,0,0,0,0,0,0,0,0,0,0,0,0,0,0,0,0,0,0,0,0,0
1967,8PR,0,0,0,0,0,0,0,0,0,0,0,0,0,0,0,0,0,0,0,0,0,0,0,0,0,0,0,0,0,0,0,0
1967,9PR,0,0,0,0,0,0,0,0,0,28,14,0,0,0,0,0,50,0,0,0,0,T,0,0,0,0,0,0,31,60,,183
1967,10PR,15,138,89,4,12,T,0,0,0,T,7,0,12,T,0,0,0,T,0,0,60,7,1,5,T,T,152,8,0,0,0,510
1967,11PR,T,0,0,0,0,T,0,39,67,30,17,3,27,4,T,T,T,T,0,0,0,0,T,T,3,0,11,14,95,12,,322
1967,12PR,0,90,80,118,46,49,3,T,T,2,4,10,0,0,0,T,46,10,7,T,4,25,0,0,T,4,1,T,0,0,T,499
1968,1PR,24,T,0,T,1,0,9,33,134,25,T,T,T,140,38,131,0,0,T,8,1,0,T,2,17,5,0,6,51,30,98,753
1968,2PR,12,52,42,95,0,0,0,0,0,0,0,0,0,T,0,1,59,9,107,24,125,104,2,0,0,0,0,0,0,,,632
1968,3PR,T,0,T,10,22,T,9,0,0,0,T,101,T,53,T,38,6,T,0,0,0,T,7,50,91,T,T,0,4,0,0,391
1968,4PR,19,3,0,24,T,T,0,0,0,0,5,0,0,T,13,18,0,T,T,T,T,0,24,0,T,0,0,0,0,T,,106
1968,5PR,0,0,0,0,6,0,0,0,0,0,T,16,T,T,0,0,0,4,48,50,26,1,1,38,53,42,T,T,0,0,1,286
1968,6PR,13,39,0,0,0,0,0,0,0,0,T,0,T,0,0,0,0,0,T,0,0,4,0,0,0,0,T,40,T,0,,96
1968,7PR,0,0,0,0,0,0,0,0,0,0,T,T,0,2,T,0,0,0,T,0,0,0,0,0,0,0,0,0,0,0,0,2
1968,8PR,0,0,0,0,0,0,0,0,0,0,0,0,44,6,10,136,22,9,64,0,3,32,86,82,58,25,2,0,0,0,0,579
1968,9PR,0,0,0,0,0,0,T,0,0,0,4,T,68,52,15,0,0,81,31,6,0,0,0,0,0,0,0,0,0,0,,257
1968,10PR,0,0,0,11,0,2,T,0,T,42,164,30,30,50,20,0,42,0,60,37,T,10,0,0,T,0,0,0,79,22,0,599
1968,11PR,30,42,T,0,16,65,50,136,0,24,55,21,7,5,0,0,51,22,0,T,52,T,0,55,6,9,0,0,28,28,,702
1968,12PR,30,1,11,289,5,0,18,4,164,172,68,3,19,1,89,86,T,32,T,0,0,43,1,31,8,19,100,12,25,12,9,1252
1969,1PR,12,1,3,0,2,1,101,T,114,221,56,120,35,8,54,55,23,10,0,0,T,20,0,0,102,82,55,2,40,T,150,1267
1969,2PR,46,T,T,28,1,T,T,132,25,38,11,T,0,16,4,T,0,0,T,14,0,T,T,4,1,T,T,1,,,,321
1969,3PR,0,20,8,T,57,T,0,0,0,0,0,0,0,0,0,2,111,76,0,0,0,T,0,0,0,0,0,0,T,T,T,274
1969,4PR,0,35,T,4,18,T,0,0,10,0,0,12,T,T,0,T,44,T,18,0,0,T,24,28,T,0,T,97,T,2,,292
1969,5PR,5,1,3,0,0,0,0,0,0,0,0,0,98,8,0,0,0,60,T,0,0,0,T,6,1,6,25,T,25,T,0,238
1969,6PR,0,0,0,0,T,T,0,25,50,T,T,0,0,T,T,0,0,0,0,T,0,15,60,3,45,29,64,22,0,0,,313
1969,7PR,0,T,0,0,0,0,0,0,0,T,T,0,0,0,0,0,0,0,0,0,0,0,0,T,0,0,0,0,0,0,0,T
1969,8PR,0,0,0,T,0,0,0,0,0,0,0,0,0,0,0,0,0,0,0,0,0,0,0,0,0,T,0,0,T,0,0,T
1969,9PR,0,0,0,0,0,0,0,0,0,0,0,0,4,0,0,1,102,5,38,T,T,6,46,T,T,0,1,0,0,2,,205
1969,10PR,21,21,0,0,0,0,78,50,25,0,0,0,0,0,78,66,T,0,0,0,0,T,0,8,0,17,54,1,2,0,1,422
1969,11PR,T,0,0,160,12,4,0,0,0,0,0,T,T,0,1,32,0,0,0,47,6,0,12,T,T,T,T,0,0,0,,274
1969,12PR,0,0,10,0,T,7,T,34,11,48,257,11,42,30,0,57,6,9,70,178,88,100,25,10,136,33,6,0,T,0,0,1168
1970,1PR,0,0,17,T,0,0,1,39,146,0,18,38,10,46,52,70,106,23,21,31,70,147,130,101,168,145,21,0,11,6,21,1438
1970,2PR,2,0,10,0,40,51,0,0,0,0,0,14,0,T,5,145,55,2,0,0,0,T,0,0,0,0,0,13,,,,337
1970,3PR,4,16,T,0,T,68,40,T,2,0,30,12,14,41,12,4,0,0,0,0,T,0,0,2,0,0,0,T,T,0,0,245
1970,4PR,T,0,0,0,0,14,0,0,75,14,T,0,T,T,0,0,0,46,6,0,0,T,12,34,66,3,3,T,21,10,,304
1970,5PR,0,0,0,0,0,0,22,25,3,15,9,1,0,0,0,0,T,0,0,0,T,3,0,0,0,T,0,0,2,0,0,80
1970,6PR,0,T,0,0,0,0,0,10,13,T,11,T,T,0,17,0,0,0,0,T,T,0,T,0,0,0,20,T,T,5,,76
1970,7PR,T,0,0,0,0,0,0,0,0,0,0,0,0,0,0,T,0,0,0,0,0,0,0,0,0,0,0,0,0,0,0,T
1970,8PR,0,0,0,0,0,0,0,0,0,0,0,0,0,0,0,0,0,0,0,0,0,0,0,0,0,0,0,0,T,T,0,T
1970,9PR,T,0,9,33,T,T,T,0,0,0,0,0,0,0,0,0,0,2,24,51,0,0,0,0,0,0,0,0,0,0,,119
1970,10PR,0,0,0,T,3,5,0,0,T,0,0,0,0,0,0,0,43,15,24,17,38,75,74,63,73,0,0,0,0,0,T,430
1970,11PR,0,0,0,24,66,T,3,47,5,38,78,2,T,0,32,8,0,2,3,2,0,56,109,140,10,66,36,0,0,96,,823
1970,12PR,77,49,82,0,42,13,36,3,T,40,0,0,4,87,132,94,0,T,0,40,4,0,0,0,0,18,34,76,95,219,12,1157
1971,1PR,0,0,0,0,T,T,5,20,49,75,57,62,76,79,117,155,124,50,112,1,3,6,T,59,33,0,T,0,0,0,T,1083
1971,2PR,1,T,13,91,T,0,T,0,34,8,0,0,0,47,72,0,3,41,7,0,8,11,T,36,20,71,42,6,,,,511
1971,3PR,0,30,49,37,T,12,3,0,10,75,112,66,20,41,T,0,0,0,0,0,0,95,29,4,78,52,28,5,8,45,0,799
1971,4PR,0,T,0,0,0,2,T,145,104,40,53,0,0,0,T,18,39,T,0,20,T,7,6,15,T,0,T,0,0,0,,449
1971,5PR,0,0,0,6,T,0,0,0,0,0,0,22,T,0,54,11,T,0,0,29,0,0,0,1,48,31,T,0,1,8,41,252
1971,6PR,23,0,T,0,0,0,0,0,14,2,0,31,33,0,0,0,25,20,0,0,0,T,0,87,65,T,10,0,0,0,,310
1971,7PR,0,0,0,0,0,0,0,T,T,0,0,0,0,0,0,0,0,0,0,0,0,0,0,0,0,0,0,0,0,T,T,0
1971,8PR,0,0,0,0,0,0,0,0,0,0,0,0,0,0,0,0,0,0,0,T,22,17,0,0,0,0,3,0,0,15,76,133
1971,9PR,98,23,0,0,32,0,0,0,0,T,4,0,0,0,0,0,0,0,0,0,0,0,0,1,30,4,3,92,16,1,,304
1971,10PR,0,0,0,0,0,0,T,0,0,T,0,T,2,51,9,0,0,2,120,5,0,49,22,0,T,18,8,0,0,40,6,332
1971,11PR,31,0,0,9,0,T,56,0,103,28,57,2,64,2,0,0,0,0,0,T,8,0,43,61,69,241,32,136,6,0,,948
1971,12PR,0,18,14,103,166,5,0,129,105,56,61,62,12,87,T,T,T,2,T,T,40,17,32,10,T,T,0,13,14,T,T,946
1972,1PR,0,T,0,0,T,T,12,4,41,42,245,6,0,0,T,2,59,97,88,426,81,36,64,14,18,2,T,0,0,0,11,1248
1972,2PR,1,0,0,12,10,6,0,0,1,0,29,33,22,12,8,20,5,0,8,0,43,47,74,71,27,33,121,42,27,,,652
1972,3PR,191,103,T,12,6,12,0,0,26,66,38,35,69,0,T,0,T,10,2,0,79,52,2,3,25,32,0,0,0,0,T,763
1972,4PR,40,T,10,25,109,63,16,115,4,2,8,79,T,T,43,5,0,0,0,T,14,0,16,6,T,0,5,20,T,0,,580
1972,5PR,0,0,0,0,0,0,T,T,0,0,0,0,0,0,8,194,63,6,0,11,6,6,0,0,0,0,0,T,0,0,0,294
1972,6PR,0,0,0,0,0,T,8,49,68,59,5,0,0,T,2,0,0,0,0,0,0,0,0,T,T,0,0,0,0,0,,191
1972,7PR,0,0,0,0,0,0,T,2,0,0,0,0,0,0,0,0,0,0,0,0,0,0,0,0,0,0,0,0,0,0,0,2
1972,8PR,T,0,0,0,0,0,0,0,0,0,0,0,0,2,T,141,T,0,0,27,0,0,0,0,0,0,0,0,0,0,0,170
1972,9PR,0,0,0,0,T,0,0,2,6,0,0,0,0,0,0,0,T,13,45,4,112,34,37,18,0,0,0,0,0,0,,271
1972,10PR,0,0,0,0,0,0,0,0,30,24,T,T,6,14,0,0,0,0,T,0,11,T,0,0,1,T,2,38,5,0,T,131
1972,11PR,26,7,138,21,1,T,20,T,34,T,0,T,8,0,T,2,T,50,8,1,30,T,8,T,T,18,T,4,T,0,,376
1972,12PR,T,68,2,0,24,12,1,0,0,0,4,6,0,0,1,120,122,87,38,136,51,100,96,88,0,39,62,16,0,5,0,1078
1973,1PR,2,23,T,T,7,0,0,T,4,40,58,130,59,0,59,63,2,42,0,7,T,0,0,55,7,0,0,0,12,50,T,620
1973,2PR,0,0,0,4,7,0,0,1,4,T,2,19,0,2,0,T,10,0,0,0,0,0,0,46,47,43,0,24,,,,209
1973,3PR,57,0,40,6,13,22,T,0,9,37,1,4,16,0,0,17,13,33,99,10,15,0,0,0,T,T,36,2,T,34,54,518
1973,4PR,19,0,0,0,0,0,0,0,0,0,0,T,26,0,T,34,35,33,20,T,0,T,T,0,0,0,0,0,T,0,,167
1973,5PR,0,T,4,35,0,T,T,4,5,0,0,0,0,0,0,0,0,0,0,T,0,0,24,14,T,0,T,0,0,0,0,86
1973,6PR,0,0,0,0,0,0,0,0,0,0,T,12,1,2,T,34,37,0,0,0,0,0,T,T,49,T,T,0,0,0,,135
1973,7PR,0,0,0,0,0,0,0,0,0,0,0,0,0,0,0,0,0,0,T,T,T,0,0,0,0,0,0,0,0,0,0,T
1973,8PR,0,0,0,0,0,0,0,0,T,0,0,0,0,0,0,0,0,0,0,0,0,0,4,68,0,0,T,0,T,8,0,80
1973,9PR,0,0,0,0,0,62,0,0,0,0,0,0,4,T,0,0,26,T,33,7,2,51,37,26,0,0,0,0,0,0,,248
1973,10PR,0,0,0,0,T,12,T,T,0,0,2,0,T,0,0,0,0,0,5,15,77,9,4,20,4,0,0,12,0,0,77,237
1973,11PR,6,0,26,177,125,52,11,197,25,62,116,108,86,133,208,33,2,0,8,174,77,11,58,29,45,12,50,160,24,33,,2048
1973,12PR,4,2,14,T,10,95,91,0,0,0,30,140,112,35,14,136,52,0,58,153,18,12,4,40,0,21,68,47,16,2,8,1182
1974,1PR,0,0,0,0,0,0,0,0,0,0,25,61,97,212,474,127,4,101,1,3,T,T,T,5,24,5,8,2,2,9,120,1280
1974,2PR,17,0,16,31,0,0,0,0,0,0,0,3,23,4,82,111,4,210,11,T,55,28,0,T,8,130,54,55,,,,842
1974,3PR,92,12,T,T,116,T,5,0,0,36,69,102,73,169,T,19,0,0,0,0,0,0,0,0,10,10,110,132,101,141,49,1246
1974,4PR,29,38,4,10,5,3,T,49,6,4,8,0,0,0,9,0,0,T,8,T,T,1,44,29,T,T,T,0,0,0,,247
1974,5PR,0,0,0,0,0,0,0,T,3,T,7,2,T,22,31,16,22,T,5,0,T,T,1,3,0,0,0,0,0,0,0,112
1974,6PR,0,0,T,22,2,T,T,0,0,0,0,0,0,0,0,0,0,0,T,0,0,0,0,0,7,2,4,0,0,0,,37
1974,7PR,0,0,0,6,19,0,2,29,5,0,T,0,0,0,0,56,2,T,0,0,0,0,0,0,0,0,0,0,18,0,0,137
1974,8PR,0,0,0,0,0,0,0,0,0,0,0,0,0,0,0,0,0,42,T,0,0,0,0,0,0,0,0,T,T,T,0,42
1974,9PR,T,0,T,0,0,0,0,T,8,0,0,0,0,0,0,0,0,0,0,0,0,0,0,0,0,0,0,0,0,0,,8
1974,10PR,0,7,0,0,0,0,0,0,0,3,0,0,0,0,0,0,0,0,0,5,0,0,0,0,0,0,40,93,0,T,11,159
1974,11PR,2,T,0,8,2,117,137,T,6,0,0,0,0,T,T,T,70,85,3,5,82,12,19,31,4,27,32,T,0,0,,642
1974,12PR,2,4,44,4,T,64,T,18,1,49,4,64,97,92,2,30,2,2,28,42,78,23,0,0,0,82,163,0,31,T,0,926
1975,1PR,2,T,115,24,122,15,75,51,40,42,T,0,0,T,11,4,0,T,T,0,0,T,21,4,156,5,0,T,0,0,6,693
1975,2PR,7,4,29,32,40,27,6,42,20,9,27,78,17,0,16,4,T,51,134,4,0,0,T,T,0,10,120,2,,,,679
1975,3PR,16,17,T,0,0,0,30,22,0,T,0,3,0,0,15,69,77,120,44,4,98,63,76,101,1,T,0,0,0,T,T,756
1975,4PR,0,39,9,10,0,3,52,3,0,0,0,0,5,3,8,1,0,26,4,0,0,43,8,63,10,3,T,0,0,0,,290
1975,5PR,0,74,83,3,2,T,0,0,0,42,T,0,0,0,0,0,0,0,12,0,T,T,0,0,0,T,0,0,0,0,0,216
1975,6PR,0,0,0,0,0,0,0,0,0,0,0,0,0,0,0,0,T,0,T,0,T,3,25,51,6,T,2,1,0,T,,88
1975,7PR,47,0,0,14,0,0,0,0,0,0,0,0,0,0,T,0,T,T,0,0,0,0,0,0,0,0,0,57,0,0,0,118
1975,8PR,0,0,0,0,1,0,0,1,0,0,0,0,0,0,0,T,65,28,0,0,0,4,4,0,0,0,73,2,27,4,0,209
1975,9PR,0,0,0,0,0,0,0,0,0,0,0,0,T,0,0,0,0,0,0,0,0,0,0,0,0,0,0,0,0,0,,T
1975,10PR,0,0,6,2,98,12,5,T,T,14,6,1,T,T,T,0,24,0,T,10,58,32,6,24,70,9,77,T,90,25,0,569
1975,11PR,T,T,0,0,T,50,56,25,59,84,T,0,0,53,57,67,21,0,12,2,0,7,T,T,T,51,12,T,6,285,,847
1975,12PR,35,6,30,269,41,55,0,0,T,1,18,11,25,T,8,8,T,T,0,0,25,8,58,6,14,54,8,1,20,10,1,712
1976,1PR,0,T,30,204,84,49,328,44,3,2,62,37,7,88,0,0,T,0,0,0,0,34,0,0,T,0,10,0,T,0,0,982
1976,2PR,0,0,T,0,0,0,0,0,T,0,11,10,46,64,29,68,79,28,8,0,0,0,26,116,91,82,70,38,T,,,766
1976,3PR,3,T,0,T,0,0,7,0,0,T,0,0,34,18,0,T,T,100,21,4,0,110,14,199,6,13,5,T,0,1,88,623
1976,4PR,T,0,0,0,T,T,14,14,T,11,5,24,T,4,5,1,18,0,19,2,17,4,48,3,T,0,0,0,0,0,,189
1976,5PR,17,1,0,T,1,0,0,0,0,4,0,0,0,0,0,0,0,0,T,0,0,0,1,4,0,0,16,T,16,20,14,94
1976,6PR,4,0,0,0,1,T,1,0,0,T,5,T,0,0,T,T,0,0,0,0,0,0,0,0,0,0,0,0,T,10,,21
1976,7PR,0,0,4,T,0,0,21,T,0,T,17,0,0,0,0,0,0,0,0,T,0,0,0,0,0,0,0,0,0,0,0,42
1976,8PR,T,0,20,2,T,2,4,0,0,0,0,0,16,70,33,24,2,0,0,0,0,0,0,T,31,0,0,0,0,0,0,204
1976,9PR,0,0,0,0,36,0,0,0,0,0,T,0,0,73,0,4,T,0,0,0,T,0,0,0,0,0,0,0,0,0,,113
1976,10PR,T,12,0,0,0,0,0,0,0,14,0,0,0,0,0,0,0,0,0,0,0,0,0,98,10,0,0,2,38,0,13,187
1976,11PR,29,T,T,T,T,T,0,0,T,T,0,0,24,6,42,T,20,1,0,0,9,2,0,T,0,0,0,0,0,0,,133
1976,12PR,0,0,0,0,0,T,0,48,0,0,0,0,0,T,0,0,T,0,T,0,0,3,9,0,31,19,T,6,8,0,0,124
1977,1PR,28,18,T,4,0,0,0,0,0,1,18,0,25,0,2,0,0,0,0,0,0,0,0,0,0,0,0,0,0,8,7,111
1977,2PR,0,T,0,0,T,0,0,T,T,13,T,1,T,0,0,0,0,0,0,49,89,37,93,12,41,1,56,113,,,,505
1977,3PR,1,15,8,0,0,49,70,79,43,T,23,53,T,0,0,0,4,8,T,0,0,1,64,3,0,8,17,15,3,0,2,466
1977,4PR,5,0,0,0,0,0,0,51,T,T,T,T,4,0,2,20,0,0,0,0,2,0,0,0,33,2,0,0,7,21,,147
1977,5PR,16,15,52,32,10,0,T,0,T,6,0,0,0,2,8,24,1,0,0,1,3,T,7,0,21,4,32,T,0,6,44,284
1977,6PR,T,0,45,23,0,0,0,0,0,0,0,0,0,0,0,0,0,0,0,29,0,T,0,0,0,0,0,0,0,0,,97
1977,7PR,0,0,11,0,0,0,0,0,T,0,0,0,0,0,0,0,T,T,0,0,0,0,0,T,0,0,0,T,0,0,0,11
1977,8PR,0,0,0,0,0,0,0,0,0,0,0,0,0,T,0,0,0,0,0,T,3,0,65,71,26,4,T,T,1,0,0,170
1977,9PR,0,T,18,T,0,0,0,0,0,0,0,0,0,0,0,3,1,26,72,12,T,0,55,T,4,0,29,18,T,1,,239
1977,10PR,T,0,0,0,0,65,4,T,0,0,0,0,0,0,0,0,0,0,0,T,0,0,27,30,39,T,0,34,43,42,3,287
1977,11PR,23,2,0,16,48,T,3,0,0,0,7,24,20,36,15,3,12,10,T,T,37,118,53,195,225,0,38,T,27,2,,914
1977,12PR,T,170,20,11,0,78,4,0,29,14,140,66,261,156,129,158,16,1,0,0,0,16,81,36,T,0,1,5,67,1,T,1460
1978,1PR,0,29,38,T,308,14,12,23,13,T,45,6,48,17,28,78,69,53,16,T,48,24,0,0,11,0,T,14,T,6,5,905
1978,2PR,95,72,4,T,9,5,66,2,T,0,0,8,T,25,17,7,5,T,0,0,T,T,T,4,T,6,T,0,,,,325
1978,3PR,0,T,4,20,2,T,36,17,0,0,25,T,7,0,0,0,0,0,0,0,0,T,55,T,0,T,0,0,T,2,0,168
1978,4PR,30,102,4,14,65,0,11,0,0,0,0,0,3,88,30,5,15,11,43,6,35,84,T,T,50,26,T,11,0,23,,656
1978,5PR,0,0,0,T,0,0,0,0,10,T,51,18,8,59,3,0,0,0,0,0,2,7,17,14,T,16,7,T,0,0,0,212
1978,6PR,0,0,0,0,0,0,0,T,6,36,0,12,3,2,T,0,0,0,0,0,0,0,T,T,T,0,0,0,15,0,,74
1978,7PR,25,4,T,T,0,0,0,0,0,0,0,0,0,0,40,2,0,0,0,0,0,0,0,0,0,1,0,0,0,0,0,72
1978,8PR,0,0,0,0,0,0,0,0,0,T,T,19,9,0,64,15,0,0,T,19,7,T,T,68,16,0,0,0,0,0,0,217
1978,9PR,0,T,45,38,19,10,18,18,85,42,26,0,25,1,T,0,14,T,0,4,0,0,0,0,0,0,0,0,0,T,,345
1978,10PR,0,0,0,0,0,0,0,0,0,0,0,0,0,0,T,0,0,0,0,7,0,0,0,T,0,0,T,14,8,0,0,29
1978,11PR,0,0,1,57,0,0,0,46,0,0,0,0,0,0,2,5,2,92,219,10,T,0,0,T,0,T,6,61,38,122,,661
1978,12PR,1,3,3,107,12,0,0,13,1,70,58,0,0,4,0,2,2,0,0,2,T,4,4,T,0,0,T,0,0,T,T,286
1979,1PR,0,0,0,2,0,0,1,T,13,114,63,T,29,4,T,0,T,0,13,0,T,0,2,28,0,6,23,0,0,0,0,298
1979,2PR,0,0,T,4,78,90,172,6,12,96,46,24,34,0,2,89,37,41,15,32,11,15,31,3,10,2,65,37,,,,952
1979,3PR,0,33,49,9,14,T,4,0,0,0,T,0,0,47,23,37,4,4,0,0,0,0,0,0,0,23,64,1,T,T,T,312
1979,4PR,8,T,0,0,52,38,0,15,22,32,8,28,5,9,20,103,22,2,0,0,0,45,5,0,0,9,45,3,0,0,,471
1979,5PR,T,0,0,74,74,91,14,1,T,0,0,0,0,0,0,0,0,0,0,0,0,T,T,0,0,0,4,3,0,0,0,261
1979,6PR,0,0,0,0,T,0,0,0,0,0,0,0,0,0,0,45,9,T,0,0,0,0,0,0,0,0,0,0,0,2,,56
1979,7PR,5,0,0,0,0,0,0,0,36,0,0,0,0,0,0,0,0,0,0,0,0,0,0,0,0,0,0,0,0,0,0,41
1979,8PR,0,0,0,0,0,0,0,0,0,0,0,0,37,2,29,0,0,46,18,0,188,1,0,0,0,0,0,10,6,9,0,346
1979,9PR,132,72,8,0,1,0,4,10,5,0,0,0,0,0,0,0,0,0,0,0,0,0,0,0,0,0,0,T,0,0,,232
1979,10PR,0,0,0,0,0,0,0,0,0,0,0,0,13,17,0,T,0,291,64,159,T,13,10,69,39,5,32,30,0,52,18,812
1979,11PR,0,2,8,74,6,T,0,0,0,0,T,T,0,0,7,67,40,67,0,0,T,129,71,42,57,21,0,0,T,18,,609
1979,12PR,12,290,T,87,0,0,T,0,20,0,T,1,0,0,0,T,28,16,19,70,50,T,41,3,T,0,0,4,T,64,33,738
1980,1PR,14,34,4,126,34,0,16,23,79,2,47,198,34,97,0,34,3,0,0,0,0,0,0,0,0,T,0,0,0,0,T,745
1980,2PR,79,14,T,T,30,37,0,0,T,0,0,0,0,0,T,T,34,65,17,8,0,71,T,2,62,5,33,11,0,,,468
1980,3PR,T,T,2,23,6,1,0,4,0,47,20,59,167,67,27,0,11,T,T,24,1,0,T,0,0,20,T,0,T,T,32,511
1980,4PR,T,0,23,13,37,112,1,20,32,1,0,0,0,30,0,0,0,0,25,96,21,0,0,9,0,0,0,0,0,0,,420
1980,5PR,0,0,0,0,0,T,0,3,41,16,0,0,T,3,T,0,0,0,0,0,8,16,27,16,1,8,0,0,0,0,0,139
1980,6PR,6,10,2,0,0,15,20,2,0,0,0,T,78,T,0,T,0,0,0,2,0,9,3,44,15,T,0,0,0,0,,206
1980,7PR,0,0,26,4,0,0,0,0,9,0,0,0,T,0,0,0,0,0,0,0,0,0,0,0,0,0,0,0,0,T,T,39
1980,8PR,0,0,0,0,0,0,0,0,0,0,0,0,0,0,0,0,T,T,0,0,0,0,0,0,0,0,T,0,0,2,0,2
1980,9PR,0,20,0,0,0,T,3,0,0,0,0,18,T,T,0,0,T,7,12,14,0,0,0,0,0,0,T,1,0,T,,75
1980,10PR,0,0,0,0,0,0,0,0,0,0,12,42,38,T,0,0,0,0,0,0,0,0,0,16,14,68,T,0,0,0,T,190
1980,11PR,74,1,2,0,72,71,156,40,30,0,0,0,T,43,T,T,0,0,0,0,200,15,25,0,20,T,26,T,91,T,,866
1980,12PR,84,448,281,33,45,2,0,0,0,0,0,0,0,0,0,0,0,T,21,4,87,36,0,242,152,2,30,0,6,0,T,1473
1981,1PR,T,T,1,0,T,0,0,T,T,T,0,0,0,0,0,T,5,T,T,5,23,44,20,3,8,19,49,32,2,2,0,213
1981,2PR,0,0,T,6,4,0,0,0,T,6,2,T,90,6,29,72,26,76,51,T,0,0,15,26,T,26,0,0,,,,435
1981,3PR,0,0,80,30,0,0,4,0,0,T,0,0,T,0,51,19,0,4,T,6,38,10,16,28,42,10,0,2,46,T,30,416
1981,4PR,12,5,T,0,13,T,T,26,4,T,143,7,0,0,35,0,0,0,T,1,2,T,6,0,2,6,7,0,0,0,,269
1981,5PR,0,T,T,36,68,T,0,2,1,T,0,0,0,T,21,T,29,59,12,0,0,T,39,40,13,0,0,0,1,6,0,327
1981,6PR,1,0,5,2,6,0,85,134,15,T,0,33,55,0,0,13,0,T,T,0,0,2,0,0,0,0,0,0,0,0,,351
1981,7PR,0,0,0,0,T,4,4,0,0,0,0,0,0,0,0,0,0,0,0,0,0,0,0,0,0,0,0,0,0,0,0,8
1981,8PR,0,0,T,0,0,0,0,0,0,0,0,0,0,0,T,0,0,0,T,0,0,0,0,0,0,0,0,0,T,T,0,T
1981,9PR,2,0,0,0,0,0,0,0,0,0,0,0,0,0,0,0,0,46,T,8,16,20,0,T,T,134,68,21,0,0,,315
1981,10PR,2,1,1,0,54,76,11,20,102,47,0,0,0,0,0,0,0,0,0,T,0,0,0,0,6,19,92,11,93,7,0,542
1981,11PR,0,0,8,0,0,0,0,0,T,6,170,46,13,102,34,99,61,9,13,62,124,98,10,1,26,T,0,0,6,63,,951
1981,12PR,51,63,19,T,489,145,T,0,43,96,0,61,51,222,46,0,T,99,96,63,9,T,T,12,8,87,64,16,4,0,19,1763
1982,1PR,14,68,223,24,4,0,0,0,0,0,0,0,0,0,0,76,30,24,0,0,5,133,163,78,39,48,0,0,0,0,2,931
1982,2PR,0,0,T,0,0,0,0,0,0,0,T,T,208,155,5,68,32,81,13,112,0,62,19,0,0,37,11,11,,,,814
1982,3PR,123,16,31,10,0,0,0,4,32,9,30,0,9,30,T,25,T,20,T,0,0,0,0,0,T,2,59,25,4,28,31,488
1982,4PR,8,118,48,24,T,41,1,0,0,119,12,2,205,58,44,0,T,0,0,0,0,0,0,0,0,0,T,9,0,0,,689
1982,5PR,0,0,10,0,0,0,0,3,0,0,0,0,0,0,0,6,7,0,0,0,0,0,0,0,0,T,T,0,0,0,T,26
1982,6PR,0,0,7,14,T,T,0,0,0,0,0,23,0,0,0,0,0,0,0,7,T,0,0,T,T,104,3,33,1,T,,192
1982,7PR,0,2,2,8,T,0,0,0,0,0,0,0,40,0,0,0,0,0,0,0,0,0,0,0,0,0,0,T,T,2,T,54
1982,8PR,0,0,0,0,0,0,0,0,1,3,18,0,2,0,0,0,0,0,0,0,0,0,0,0,0,0,T,7,41,0,0,72
1982,9PR,0,0,0,T,0,0,0,0,43,2,T,2,0,0,0,0,T,67,0,22,T,0,0,17,T,108,0,20,0,0,,281
1982,10PR,0,16,5,T,0,32,23,0,0,0,0,0,0,0,0,4,2,0,0,1,28,36,42,5,32,75,1,44,49,0,0,395
1982,11PR,T,0,T,2,30,14,0,8,0,0,0,0,0,0,0,11,104,114,58,40,9,0,0,0,0,T,28,80,167,42,,707
1982,12PR,38,106,146,28,88,4,0,0,0,0,0,111,40,55,302,102,88,28,20,48,100,20,17,0,2,10,0,0,0,0,0,1353
1983,1PR,0,48,84,125,25,52,7,47,0,0,0,0,0,0,T,3,6,22,10,T,20,64,12,4,3,61,3,0,27,51,1,675
1983,2PR,0,0,0,0,0,98,7,81,142,24,T,122,2,16,35,1,230,136,0,62,73,57,16,21,24,11,47,23,,,,1228
1983,3PR,25,18,T,0,61,30,65,16,130,16,T,32,161,20,6,T,1,0,0,T,T,50,41,9,20,26,45,11,174,65,36,1058
1983,4PR,29,86,1,0,0,0,T,0,24,41,T,T,0,0,0,0,T,T,7,T,0,34,8,T,21,0,39,45,T,0,,335
1983,5PR,0,T,0,0,22,19,47,34,29,0,0,0,T,15,T,0,0,0,0,0,0,0,0,0,T,0,0,T,0,7,8,181
1983,6PR,5,0,0,0,0,0,0,0,11,50,0,0,0,35,T,0,6,2,8,0,0,1,11,0,T,T,0,8,T,41,,178
1983,7PR,96,8,0,0,6,T,24,16,0,0,0,T,T,T,0,0,7,15,T,0,0,0,0,0,T,0,5,T,0,0,0,177
1983,8PR,0,0,0,0,0,0,0,0,0,T,0,0,T,0,0,0,0,0,0,0,0,0,0,0,0,0,T,121,117,36,45,319
1983,9PR,T,0,0,0,0,0,0,31,0,T,1,0,0,0,0,0,0,0,0,0,0,T,T,T,0,10,12,0,0,0,,54
1983,10PR,0,T,0,T,0,0,0,0,T,5,0,0,3,T,0,T,21,0,0,1,T,22,0,0,0,0,0,T,3,70,11,136
1983,11PR,20,14,100,11,18,68,T,6,28,29,12,61,110,12,19,64,165,27,56,118,1,40,80,87,50,0,8,T,T,109,,1313
1983,12PR,5,17,0,22,65,196,95,5,40,9,0,8,21,96,0,18,0,17,T,2,T,T,0,20,14,10,0,5,77,5,0,747
1984,1PR,0,36,14,0,0,1,T,0,0,86,T,0,0,0,0,0,0,0,T,16,4,30,3,2,19,0,0,T,0,0,0,211
1984,2PR,0,0,0,0,8,T,T,7,60,22,10,343,175,11,32,6,0,7,28,58,14,T,34,140,T,0,T,T,3,,,958
1984,3PR,14,2,0,0,0,0,0,T,T,19,24,31,73,24,32,26,81,12,34,56,56,T,T,0,48,70,2,12,T,T,20,636
1984,4PR,T,0,T,1,37,2,74,74,47,102,18,32,0,0,T,T,0,13,2,T,T,1,T,T,14,3,0,20,40,61,,541
1984,5PR,77,44,18,7,11,0,0,2,2,7,16,T,T,49,27,0,0,0,10,0,0,73,4,0,21,T,0,0,0,23,0,391
1984,6PR,0,0,38,47,17,128,8,T,10,0,0,0,0,0,0,0,0,0,0,37,34,0,0,0,0,29,T,9,31,0,,388
1984,7PR,0,0,0,0,0,0,0,0,0,0,0,0,0,0,0,0,0,0,0,0,0,0,T,0,27,0,0,0,0,0,T,27
1984,8PR,0,0,0,0,0,0,0,0,0,0,0,0,0,0,0,0,0,0,0,0,0,0,0,0,0,0,0,0,0,0,3,3
1984,9PR,0,0,0,0,62,7,T,0,2,0,T,0,0,0,0,0,0,T,8,4,0,11,0,0,T,0,0,0,0,0,,94
1984,10PR,0,0,0,37,0,T,0,32,T,72,47,62,29,18,0,0,T,67,48,18,0,0,T,1,30,43,56,43,0,2,0,605
1984,11PR,150,320,72,0,6,74,0,77,209,31,145,63,34,0,T,0,57,33,46,76,0,0,80,22,12,46,161,62,72,19,,1867
1984,12PR,0,5,4,0,0,0,0,26,35,72,18,47,T,20,T,1,10,0,0,7,T,0,T,0,5,4,89,T,85,28,0,456
1985,1PR,0,0,0,0,0,0,0,0,0,0,0,0,0,3,T,0,0,0,3,0,0,0,0,0,0,0,10,T,3,2,10,31
1985,2PR,24,4,T,0,1,38,221,73,51,T,70,0,0,7,0,0,0,0,21,5,T,0,0,T,0,0,0,0,,,,515
1985,3PR,4,0,22,11,T,1,6,0,0,0,0,1,0,0,0,0,0,0,T,27,63,67,139,38,7,96,60,12,6,5,T,565
1985,4PR,T,T,0,0,0,T,T,T,0,T,0,0,0,0,0,T,0,8,3,3,13,6,16,T,0,T,0,0,0,0,,49
1985,5PR,0,T,15,0,0,T,0,0,0,6,0,0,4,0,0,0,0,0,0,0,0,T,T,0,0,0,0,35,T,44,49,153
1985,6PR,19,0,12,T,22,96,102,0,0,0,0,0,0,0,T,0,0,0,0,0,0,0,0,0,0,0,0,0,0,0,,251
1985,7PR,0,0,0,0,0,0,0,0,0,0,0,0,0,0,0,0,0,0,0,0,0,0,0,0,0,0,0,0,0,58,79,137
1985,8PR,T,0,0,0,0,0,T,2,0,0,0,0,0,0,0,0,0,2,T,0,0,0,0,0,0,0,0,0,0,T,0,4
1985,9PR,7,0,0,0,T,4,0,0,2,0,2,117,31,36,T,8,6,0,0,0,0,0,0,0,0,0,0,0,0,0,,213
1985,10PR,0,0,0,0,0,2,0,0,0,23,12,3,0,0,T,2,0,0,52,116,24,113,54,6,30,0,32,0,0,14,T,483
1985,11PR,0,T,0,82,1,0,43,93,127,0,0,0,0,20,63,35,68,T,25,13,48,1,0,0,T,0,0,4,0,8,,631
1985,12PR,56,72,44,2,26,63,79,9,0,0,0,0,0,0,0,0,0,0,0,T,0,0,0,0,0,0,0,0,0,0,T,351
1986,1PR,25,59,1,29,27,0,0,23,8,10,T,0,T,3,77,79,16,22,93,T,12,66,46,0,0,T,34,T,63,3,1,697
1986,2PR,22,38,4,12,2,0,0,0,0,T,186,164,30,111,52,121,121,84,T,30,116,218,76,0,35,0,0,0,,,,1422
1986,3PR,0,0,0,0,0,6,119,71,T,20,48,34,18,0,20,0,0,0,0,4,6,0,66,20,T,0,0,0,0,9,0,441
1986,4PR,23,0,T,9,0,0,0,T,16,0,24,20,T,T,6,8,1,0,0,0,0,7,0,8,15,28,9,T,11,0,,185
1986,5PR,130,64,T,23,59,4,T,0,T,15,T,0,4,0,0,0,0,0,15,T,7,0,0,0,0,T,T,0,0,0,0,321
1986,6PR,0,0,0,0,0,0,0,0,0,0,0,0,0,12,0,2,18,1,0,0,0,0,0,0,0,0,0,0,0,0,,33
1986,7PR,0,T,3,29,0,0,0,0,T,6,0,0,0,0,0,4,0,0,0,0,0,0,0,0,0,0,0,0,0,0,0,42
1986,8PR,0,0,0,0,0,0,0,0,0,0,0,0,0,0,0,0,0,0,0,0,0,0,0,0,0,0,0,0,4,0,0,4
1986,9PR,0,0,0,0,0,0,0,0,T,0,0,0,7,T,20,3,57,T,57,24,0,0,87,12,85,86,11,0,9,7,,465
1986,10PR,0,0,0,0,0,0,0,0,0,0,0,0,0,0,0,0,20,0,0,0,T,0,3,T,5,31,8,0,70,108,1,246
1986,11PR,T,0,0,0,T,14,8,T,38,0,0,0,66,4,0,12,14,70,T,176,186,38,0,92,5,98,242,41,0,0,,1104
1986,12PR,0,0,0,T,2,0,0,T,0,0,29,1,50,17,0,0,0,12,T,T,T,103,1,19,37,0,0,T,52,0,7,330
1987,1PR,143,T,96,19,80,T,0,0,0,0,0,65,6,14,0,0,0,0,0,0,0,18,12,96,162,16,30,48,2,6,153,966
1987,2PR,166,26,18,0,0,0,0,0,T,0,12,34,91,6,30,11,20,1,0,5,17,9,1,0,0,0,T,0,,,,447
1987,3PR,T,6,9,1,9,8,0,17,4,9,24,80,6,34,T,T,12,10,T,1,0,26,25,0,T,0,0,0,0,0,0,281
1987,4PR,0,24,6,0,19,T,1,11,0,28,6,0,0,0,0,0,54,14,0,0,0,0,0,0,0,0,0,T,0,41,0,204
1987,5PR,42,10,0,0,0,0,0,0,0,0,0,32,0,T,16,0,0,0,T,0,0,0,T,3,0,0,0,T,T,70,27,200
1987,6PR,0,0,0,0,T,0,0,0,0,0,0,0,0,0,T,0,0,0,0,6,1,0,0,0,0,0,0,0,0,0,,7
1987,7PR,0,0,T,2,0,T,0,0,1,T,0,0,0,0,0,30,20,241,T,4,2,0,0,0,0,0,0,0,0,0,0,300
1987,8PR,0,0,0,0,0,0,0,0,0,2,0,0,13,11,0,0,0,0,0,0,0,0,0,0,0,0,0,0,0,0,0,26
1987,9PR,0,0,0,0,0,0,0,0,0,0,0,T,0,3,6,0,0,0,0,0,0,0,0,T,11,0,0,0,0,0,,20
1987,10PR,0,0,0,0,0,0,0,0,0,0,0,0,0,0,0,0,0,0,0,0,0,0,0,0,0,0,0,0,T,5,19,24
1987,11PR,64,27,0,0,0,T,0,14,0,0,88,78,14,10,81,T,T,0,0,T,T,23,0,64,T,0,0,0,T,2,,465
1987,12PR,209,97,314,48,34,140,28,25,271,72,15,0,0,9,24,23,0,T,T,4,15,46,0,0,0,0,2,8,T,152,4,1540
1988,1PR,0,0,13,4,0,5,22,24,156,205,75,4,45,144,58,22,0,10,0,3,0,6,0,0,0,0,0,25,24,4,23,872
1988,2PR,7,0,0,0,0,0,35,16,19,0,0,10,7,0,T,T,9,T,0,0,0,0,0,0,0,0,0,10,46,,,159
1988,3PR,72,5,10,38,16,12,0,36,32,0,0,0,0,0,0,0,0,0,T,T,19,22,58,118,2,27,9,T,2,0,0,478
1988,4PR,0,97,18,17,0,49,21,0,0,0,0,0,24,50,0,T,0,0,71,40,61,T,0,T,0,4,0,26,40,47,,565
1988,5PR,T,46,27,0,4,85,0,16,T,0,0,34,25,0,2,53,T,4,0,0,0,T,0,0,0,5,T,27,10,0,33,371
1988,6PR,45,34,T,10,0,60,18,67,1,0,0,0,0,0,0,0,T,0,0,0,0,0,0,0,0,0,0,2,0,0,,237
1988,7PR,0,T,2,0,4,0,0,0,0,0,1,0,4,0,0,0,0,0,0,0,0,0,0,0,0,0,0,0,0,0,0,11
1988,8PR,0,0,0,0,0,0,0,0,0,T,0,0,0,0,0,0,0,0,0,0,0,0,0,4,0,0,0,0,0,0,0,4
1988,9PR,0,0,0,0,0,0,0,0,0,0,0,0,0,0,0,0,1,17,72,0,0,0,0,0,5,27,T,0,0,0,,122
1988,10PR,0,0,0,4,0,0,T,0,0,0,0,0,3,T,0,0,0,0,4,0,T,0,0,0,0,0,0,0,T,T,0,11
1988,11PR,71,112,87,81,115,8,22,3,46,57,6,39,17,T,48,116,11,0,17,T,159,119,90,44,33,5,117,4,0,0,,1427
1988,12PR,0,0,0,0,12,3,T,0,T,T,0,0,T,T,0,0,0,T,T,40,102,110,47,58,T,0,13,9,19,105,T,518
1989,1PR,3,9,0,84,23,5,8,71,186,15,T,0,117,5,T,4,T,T,T,0,105,4,T,0,0,0,0,0,0,1,28,668
1989,2PR,19,7,8,0,0,0,0,0,0,1,0,8,0,0,4,108,48,60,9,T,15,51,5,2,0,0,0,0,,,,345
1989,3PR,61,27,0,30,181,9,1,T,48,7,21,174,52,52,39,57,54,7,2,41,1,0,0,41,25,25,55,58,13,12,T,1093
1989,4PR,15,15,4,14,0,0,0,0,0,0,0,0,0,0,T,0,0,T,2,8,T,3,39,45,18,1,0,0,0,9,,173
1989,5PR,0,0,45,0,0,0,0,0,39,T,T,0,0,0,0,0,23,31,0,0,0,26,117,48,0,12,44,0,T,0,0,385
1989,6PR,0,0,0,0,0,T,0,0,0,0,0,0,17,33,T,0,0,0,1,2,0,0,0,0,0,T,0,2,40,8,,103
1989,7PR,0,0,T,0,0,0,0,0,0,0,0,0,0,0,0,39,0,0,0,T,0,0,0,0,0,T,0,0,0,0,10,49
1989,8PR,37,3,0,0,0,0,0,2,0,0,0,0,0,0,0,0,0,0,T,T,17,17,25,0,0,0,0,0,19,1,0,121
1989,9PR,0,0,0,0,0,0,0,0,0,0,0,0,0,0,0,T,T,0,0,0,0,0,0,0,0,22,T,0,T,42,,64
1989,10PR,T,0,0,0,0,0,T,0,0,0,0,0,3,0,0,0,0,T,6,T,45,3,80,11,T,118,29,0,0,0,0,295
1989,11PR,0,0,0,5,T,47,T,3,0,1,0,122,10,0,0,0,11,0,T,T,0,0,49,131,78,33,10,0,0,0,,500
1989,12PR,0,10,21,99,4,0,20,50,T,0,0,0,0,0,T,0,T,T,0,0,0,T,T,4,0,0,3,1,0,0,58,270
1990,1PR,65,5,T,32,37,234,227,57,96,104,1,7,69,15,19,6,0,0,0,0,0,19,18,0,62,46,32,157,85,68,48,1509
1990,2PR,116,4,77,0,87,37,78,64,12,T,2,29,8,T,89,18,2,0,0,8,T,1,0,0,0,0,0,0,,,,632
1990,3PR,0,11,32,36,0,0,56,2,58,52,12,T,12,3,0,T,6,0,5,9,0,49,0,0,0,0,0,0,0,0,0,343
1990,4PR,0,T,0,0,0,0,0,0,0,0,2,0,0,0,0,1,14,T,15,T,0,52,2,1,18,22,115,2,0,0,,244
1990,5PR,0,0,0,0,0,0,0,0,0,0,T,T,T,T,0,0,0,T,36,42,39,72,11,11,4,22,17,T,15,17,13,299
1990,6PR,7,13,20,0,24,80,T,0,50,1,0,6,T,0,0,T,0,0,0,0,0,0,0,0,0,0,0,0,0,0,,201
1990,7PR,6,63,0,0,19,0,0,0,0,0,0,0,0,0,0,0,0,0,0,0,0,0,0,0,T,0,0,0,0,0,0,88
1990,8PR,0,0,0,0,0,0,0,0,0,0,0,0,T,0,0,22,107,T,0,T,T,0,0,0,0,16,9,0,84,0,0,238
1990,9PR,0,0,0,0,0,0,0,0,0,0,0,0,0,T,28,0,0,0,0,0,0,0,0,T,T,0,0,0,0,0,,28
1990,10PR,10,0,0,35,4,T,0,0,0,14,0,15,T,24,2,2,T,169,0,0,84,T,0,0,33,0,33,1,15,275,43,759
1990,11PR,0,T,8,58,8,0,12,T,0,0,0,0,167,T,T,0,114,0,30,21,32,2,0,72,120,3,20,0,92,T,,759
1990,12PR,51,2,0,40,T,0,0,2,150,35,T,T,26,0,2,T,13,56,17,0,0,0,0,0,T,1,38,14,0,0,0,447
1991,1PR,0,0,0,0,0,12,26,2,10,12,81,134,15,39,13,0,0,T,T,0,0,0,0,0,0,0,0,T,0,0,29,373
1991,2PR,10,81,10,84,T,0,0,0,0,0,25,47,3,T,10,37,T,51,T,0,0,0,0,0,0,0,0,T,,,,358
1991,3PR,58,124,213,147,2,48,T,0,52,2,54,79,T,16,0,0,0,10,23,2,12,14,86,8,29,0,0,T,0,0,0,979
1991,4PR,2,16,2,2,112,92,18,54,7,29,0,0,0,62,11,0,0,T,0,T,0,0,35,53,5,10,0,12,0,0,,522
1991,5PR,0,0,0,0,2,4,126,24,23,T,T,1,45,0,0,122,116,75,14,0,T,0,0,0,T,0,0,T,36,15,0,603
1991,6PR,0,0,0,0,0,1,0,0,0,0,T,T,9,0,T,0,0,0,46,6,5,4,0,0,0,0,16,12,0,0,,99
1991,7PR,0,0,0,0,0,0,0,0,0,0,0,0,0,0,26,34,0,0,0,0,0,0,0,4,0,0,0,0,0,0,0,64
1991,8PR,0,0,0,0,0,0,0,0,30,0,0,0,0,0,0,0,0,0,0,0,0,0,0,0,0,0,20,9,0,0,9,68
1991,9PR,0,0,0,0,0,0,10,0,0,0,0,0,T,0,0,0,0,0,0,0,0,0,0,0,0,0,0,0,0,0,,10
1991,10PR,0,0,0,0,0,0,0,0,0,0,0,0,0,0,0,12,0,0,0,0,T,16,1,15,114,11,6,16,2,0,0,193
1991,11PR,0,0,0,95,138,22,1,5,0,0,26,15,89,T,0,78,93,35,86,76,6,T,2,65,31,164,18,2,T,0,,1047
1991,12PR,3,0,0,22,60,188,23,2,2,0,8,21,0,0,0,0,4,72,2,0,76,0,0,T,T,0,2,40,3,0,0,528
1992,1PR,4,26,26,52,T,T,1,0,0,80,8,0,1,0,T,44,0,0,0,T,6,0,T,8,49,6,62,45,T,1,38,457
1992,2PR,3,0,0,0,0,10,0,32,T,0,5,28,4,T,T,19,21,62,178,78,63,12,0,0,T,0,0,0,T,,,515
1992,3PR,T,T,0,75,21,0,0,0,0,0,0,0,0,37,6,10,4,0,0,0,0,0,0,0,0,0,2,0,20,35,0,210
1992,4PR,0,0,3,38,44,1,0,70,179,13,72,75,19,0,15,77,39,T,0,2,8,0,0,0,0,2,T,T,94,31,,782
1992,5PR,0,0,0,0,0,0,0,0,0,0,0,0,0,0,0,0,0,T,14,0,0,0,0,0,0,T,0,0,0,0,0,14
1992,6PR,0,0,0,0,0,0,0,0,3,0,1,14,49,21,T,2,0,0,0,0,0,0,0,0,0,0,0,61,14,3,,168
1992,7PR,0,0,0,92,38,0,0,0,0,0,0,0,0,0,0,0,0,T,0,0,0,2,0,0,0,0,0,0,0,0,0,132
1992,8PR,0,0,0,0,0,1,4,0,0,0,0,0,0,0,0,0,0,0,0,0,0,1,0,0,0,0,0,0,0,0,4,10
1992,9PR,0,0,0,17,0,0,0,T,0,0,0,0,0,T,T,0,0,0,0,0,0,0,62,20,0,0,0,0,0,0,,99
1992,10PR,12,28,2,0,0,0,0,0,0,0,0,0,2,0,0,5,0,T,0,61,5,0,0,0,T,0,0,6,125,129,85,460
1992,11PR,18,0,0,50,0,T,10,26,12,0,74,4,0,0,0,6,10,8,70,22,148,22,0,0,0,5,49,T,0,120,,654
1992,12PR,197,27,0,0,6,30,30,180,112,109,3,2,0,12,0,70,88,0,13,47,46,4,0,0,0,14,90,39,25,42,73,1259
1993,1PR,1,1,66,49,0,0,6,30,2,0,12,4,T,25,0,2,0,0,78,206,174,12,4,T,0,0,4,9,0,0,0,685
1993,2PR,0,0,T,0,T,0,0,19,5,9,13,6,T,0,0,0,0,46,80,23,61,2,T,0,0,0,0,0,,,,264
1993,3PR,70,14,5,6,T,0,0,0,3,11,0,T,5,133,99,138,125,5,5,11,0,85,55,2,0,0,0,0,6,28,52,858
1993,4PR,30,78,95,15,T,24,T,63,78,84,37,0,13,24,5,29,39,22,0,15,22,6,29,11,16,7,0,34,7,2,,785
1993,5PR,1,0,86,T,32,16,23,T,0,0,0,18,0,0,0,0,0,0,56,T,13,2,0,86,36,80,6,59,29,74,75,692
1993,6PR,54,40,17,44,117,0,T,0,11,0,40,0,0,T,2,0,0,0,0,0,20,21,0,0,0,4,0,0,0,0,,370
1993,7PR,0,12,0,0,0,0,0,0,0,0,0,0,12,0,0,0,2,0,2,5,61,17,1,0,0,0,0,2,0,0,0,114
1993,8PR,0,0,0,0,0,0,4,0,0,0,0,0,0,2,11,0,0,2,152,9,0,0,T,0,0,0,0,0,0,0,0,180
1993,9PR,0,0,0,0,0,0,0,0,0,0,0,0,0,0,T,0,0,0,0,0,0,0,0,0,0,0,0,0,0,0,,0
1993,10PR,0,0,0,0,0,1,T,0,0,2,62,11,0,31,25,0,0,0,0,0,0,0,3,0,0,0,0,0,0,0,10,145
1993,11PR,0,0,24,0,0,0,0,0,0,0,4,0,T,0,T,19,37,0,0,0,21,58,T,0,0,T,5,9,21,T,,198
1993,12PR,168,0,68,55,0,5,180,146,T,307,99,T,T,30,4,0,0,0,0,0,T,0,0,0,0,0,0,0,0,10,10,1082
1994,1PR,41,116,21,134,37,T,6,37,10,8,10,0,T,T,0,0,0,0,0,T,2,72,29,27,0,0,0,0,0,0,0,550
1994,2PR,0,0,0,0,0,T,3,0,21,28,2,0,106,0,T,11,66,20,T,24,98,2,75,61,19,16,6,0,,,,558
1994,3PR,0,82,64,T,0,0,0,0,23,T,0,0,0,0,1,39,T,38,T,45,18,25,4,4,0,0,0,0,20,159,36,558
1994,4PR,0,0,T,0,41,33,17,17,16,0,0,7,0,0,0,0,0,T,0,0,10,0,T,19,10,4,0,0,28,0,,202
1994,5PR,0,14,20,5,0,0,0,0,0,0,0,0,0,0,62,6,1,0,2,0,0,0,0,0,0,0,0,21,11,0,16,158
1994,6PR,0,0,9,4,42,10,T,0,0,0,0,T,16,30,T,0,2,0,0,0,0,T,0,0,1,0,0,0,0,0,,114
1994,7PR,2,T,0,0,T,0,0,0,0,0,0,0,0,0,0,0,0,0,0,0,0,T,T,T,0,0,0,0,0,0,0,2
1994,8PR,0,0,0,0,0,0,T,0,0,0,0,0,0,0,0,0,0,0,0,0,T,0,0,0,0,0,0,0,0,0,0,T
1994,9PR,0,2,22,0,0,0,0,36,18,34,T,0,0,0,0,0,0,0,0,0,0,0,0,0,0,0,0,30,62,0,,204
1994,10PR,0,0,0,0,0,0,0,0,0,0,0,0,19,34,T,0,4,0,0,T,10,0,0,0,14,49,222,24,0,3,370,749
1994,11PR,52,21,1,160,0,30,0,34,48,0,18,2,3,3,29,80,32,0,69,T,0,0,88,60,35,9,33,2,21,128,,958
1994,12PR,40,88,0,0,1,74,20,0,0,12,42,0,0,25,29,105,11,16,0,24,3,0,0,3,12,62,38,5,0,0,0,610
1995,1PR,2,0,0,0,14,48,7,64,176,78,65,85,415,85,70,1,31,25,0,0,0,T,T,0,2,6,3,93,28,112,126,1536
1995,2PR,92,0,0,0,0,0,0,0,0,0,T,54,2,0,14,2,204,2,2,0,2,0,0,0,0,0,0,0,,,,374
1995,3PR,0,0,6,114,6,0,T,55,80,20,4,32,48,36,T,0,25,63,15,65,26,3,14,19,0,0,0,0,0,0,11,642
1995,4PR,2,0,0,14,T,40,129,76,5,13,T,64,27,15,0,0,16,18,59,28,0,0,0,0,0,0,36,7,10,T,,559
1995,5PR,91,3,10,14,T,T,0,0,17,35,37,3,0,0,0,T,0,0,0,0,0,0,0,0,0,0,0,0,0,0,0,210
1995,6PR,0,0,0,10,30,19,0,0,0,20,0,T,17,87,2,1,14,11,22,T,0,0,0,0,0,0,0,0,0,0,,233
1995,7PR,0,0,0,0,0,4,T,43,61,0,0,0,0,0,0,0,0,0,5,0,0,0,0,0,0,T,0,0,0,0,0,113
1995,8PR,0,0,0,0,0,4,T,0,0,5,0,0,0,0,T,4,67,0,0,0,0,0,T,0,0,0,0,18,T,0,0,98
1995,9PR,0,0,0,T,17,T,0,0,T,0,0,0,0,0,0,0,0,0,0,0,0,0,0,6,11,25,16,20,8,7,,110
1995,10PR,0,0,17,0,0,0,0,9,0,23,154,2,0,0,0,2,40,0,0,19,23,0,0,1,77,24,0,0,0,0,0,391
1995,11PR,0,0,0,3,1,56,10,114,T,8,107,10,T,0,48,0,34,0,0,0,5,32,14,49,69,4,180,T,113,90,,947
1995,12PR,32,20,27,1,116,0,0,144,26,85,118,206,78,142,2,T,31,20,14,T,0,0,0,0,0,T,28,96,108,47,2,1343
1996,1PR,M,T,87,9,35,0,58,8,82,0,0,0,0,64,70,67,4,126,53,188,80,13,125,124,20,56,146,51,8,0,0,1474
1996,2PR,0,0,5,24,98,289,369,158,12,0,0,0,0,0,0,42,191,122,20,100,23,1,192,4,0,0,31,8,0,,,1689
1996,3PR,0,1,7,61,6,0,T,0,3,42,29,1,T,0,0,T,0,0,0,0,2,6,1,0,0,0,35,T,2,2,47,245
1996,4PR,29,T,0,0,0,0,0,T,1,6,66,40,T,0,27,18,6,12,7,13,19,51,92,1,3,0,T,0,0,T,,391
1996,5PR,0,T,9,0,0,0,T,0,0,0,0,15,66,16,33,38,42,44,3,0,67,7,2,0,0,0,0,8,T,0,T,350
1996,6PR,0,T,0,0,0,0,0,0,0,0,0,T,0,0,0,0,5,T,0,0,0,19,12,T,0,3,T,T,0,0,,39
1996,7PR,0,0,0,0,0,0,0,0,0,0,M,0,0,0,0,0,49,2,0,0,0,M,0,M,0,0,0,3,0,T,0,54
1996,8PR,0,6,0,0,T,0,0,0,0,0,0,0,0,0,T,0,0,T,0,0,0,0,0,0,1,1,T,0,0,1,0,9
1996,9PR,0,0,0,43,0,0,0,0,0,0,0,0,1,127,8,63,0,3,3,0,T,1,0,0,0,0,0,0,T,0,,249
1996,10PR,0,3,0,20,T,0,0,0,1,0,4,33,27,21,11,0,69,99,10,0,T,8,41,29,28,0,T,46,T,0,0,450
1996,11PR,0,0,3,15,0,4,0,0,0,0,12,48,25,17,8,62,49,403,240,0,53,41,24,40,T,13,64,35,3,47,,1206
1996,12PR,12,45,T,138,50,40,122,81,12,80,33,57,24,T,0,0,0,T,4,35,52,34,47,5,126,57,29,78,123,111,100,1495
1997,1PR,68,17,10,T,5,2,2,T,0,0,0,0,T,0,0,15,51,0,9,23,11,T,3,0,117,13,36,1,0,103,107,593
1997,2PR,18,0,T,1,0,3,40,T,0,0,18,2,5,4,0,1,T,27,46,1,0,0,0,0,4,7,27,2,,,,206
1997,3PR,136,81,13,0,19,8,14,T,16,122,23,15,0,1,31,94,1,7,28,4,0,0,0,0,0,26,29,2,0,5,28,703
1997,4PR,2,0,T,0,0,6,7,12,3,0,T,T,9,5,0,4,0,16,95,T,18,52,21,0,0,18,T,43,8,11,,330
1997,5PR,T,12,2,0,0,5,0,0,0,0,0,0,0,T,0,0,0,0,0,0,0,13,13,40,0,3,18,35,1,2,120,264
1997,6PR,1,1,29,6,0,0,0,0,1,0,10,19,0,0,0,0,2,T,0,0,14,27,2,T,0,0,0,T,T,76,,188
1997,7PR,0,0,0,0,0,0,0,6,1,3,0,0,0,0,0,0,0,0,0,0,0,0,0,0,0,0,0,0,0,0,0,10
1997,8PR,0,0,0,0,0,0,0,0,T,0,0,0,0,0,0,0,0,0,0,67,0,0,54,1,0,31,0,6,0,0,0,159
1997,9PR,0,0,0,0,T,0,0,0,5,0,1,0,63,7,78,1,81,30,0,0,0,0,1,0,39,13,0,0,0,3,,322
1997,10PR,88,13,12,25,4,T,2,15,85,21,5,5,0,0,0,0,T,0,0,0,0,T,1,0,0,2,0,7,59,87,6,437
1997,11PR,0,0,1,0,2,15,19,0,0,1,2,0,5,0,T,13,47,19,66,27,1,16,117,22,2,9,1,T,43,T,,428
1997,12PR,0,0,T,0,0,0,43,10,27,3,T,T,T,7,11,65,6,T,0,29,T,5,14,2,0,0,T,0,1,0,0,223
1998,1PR,40,T,43,4,9,15,7,T,1,41,91,59,74,63,1,57,25,21,7,T,19,53,39,67,34,13,2,0,23,T,0,808
1998,2PR,27,15,27,4,36,9,2,33,0,39,4,48,1,28,22,T,6,15,26,75,140,13,0,T,14,T,20,17,,,,621
1998,3PR,12,10,46,9,0,0,28,2,T,10,1,22,5,11,2,2,0,0,0,0,121,89,35,47,6,11,17,0,0,24,3,513
1998,4PR,0,T,7,6,30,15,14,4,47,29,14,4,0,T,3,0,0,T,0,0,0,15,44,25,0,0,0,0,0,4,,261
1998,5PR,42,17,0,2,1,0,0,22,1,3,3,44,13,10,14,57,9,0,41,44,17,T,T,31,20,0,0,2,105,0,0,498
1998,6PR,0,0,0,0,0,0,0,0,4,28,0,0,0,0,0,2,0,0,0,0,0,0,0,37,3,5,0,0,0,0,,79
1998,7PR,0,0,T,0,0,0,0,0,0,T,0,0,0,0,0,0,0,0,0,0,0,0,0,0,0,0,0,0,0,0,0,T
1998,8PR,0,0,0,0,0,0,0,0,0,0,0,0,0,0,0,0,0,0,0,0,0,0,T,0,0,0,0,0,0,0,0,T
1998,9PR,0,0,0,0,0,0,0,0,0,0,0,0,0,0,0,0,T,18,T,0,0,0,0,3,14,0,0,0,0,0,,35
1998,10PR,4,32,1,1,0,0,22,6,22,0,5,27,12,14,14,0,2,0,0,0,0,0,0,11,1,0,25,6,0,0,29,234
1998,11PR,13,3,14,9,10,66,39,1,T,32,0,0,T,10,49,0,6,3,3,177,141,47,66,59,105,63,5,10,45,159,,1135
1998,12PR,51,89,4,T,47,8,80,16,T,15,51,21,17,0,T,T,M,T,T,T,T,0,0,2,31,T,225,166,0,0,30,853
1999,1PR,0,0,0,T,0,T,3,0,0,0,19,2,T,102,35,33,134,34,59,112,77,81,18,0,0,T,2,40,6,6,3,766
1999,2PR,2,61,17,33,12,114,52,33,22,9,0,0,10,T,24,31,44,136,5,5,8,80,52,41,39,46,99,28,,,,1003
1999,3PR,16,29,38,13,0,0,T,15,8,0,0,34,18,20,0,0,8,1,0,1,2,3,6,51,2,13,6,53,76,33,51,497
1999,4PR,0,T,10,2,10,0,3,6,7,9,0,T,0,0,0,0,0,0,T,T,10,T,0,0,1,T,17,2,0,T,,77
1999,5PR,11,27,24,15,0,20,13,15,0,1,22,13,15,54,1,11,47,T,0,T,0,0,0,0,1,0,0,0,0,0,T,290
1999,6PR,T,0,0,0,1,14,11,1,0,0,0,0,T,0,2,0,0,0,0,23,3,0,0,5,6,0,0,0,0,0,,66
1999,7PR,0,15,9,1,0,0,1,0,0,0,0,0,0,0,0,0,0,0,0,T,0,0,0,T,0,0,0,0,0,0,0,26
1999,8PR,0,0,0,0,3,14,41,0,T,0,1,0,T,T,0,0,0,0,0,0,0,0,1,0,0,0,0,0,5,27,0,92
1999,9PR,0,0,0,0,0,0,0,0,0,0,0,0,0,0,0,0,0,0,0,0,0,0,0,0,0,0,0,0,0,0,,0
1999,10PR,0,0,0,0,24,7,0,5,0,0,0,0,0,0,0,0,0,0,0,0,0,0,5,7,20,21,95,66,0,7,3,260
1999,11PR,0,0,2,T,113,1,4,35,31,36,15,2,0,0,5,39,12,T,58,29,41,22,30,50,197,57,0,0,22,1,,802
1999,12PR,10,57,T,12,2,47,61,5,19,1,3,34,10,21,8,29,42,2,0,0,0,0,0,T,0,0,0,T,0,0,2,365
2000,1PR,42,33,12,46,T,12,2,3,17,193,55,101,161,15,35,27,0,0,27,6,9,1,24,101,14,1,0,0,0,5,15,957
2000,2PR,30,6,0,27,20,1,0,20,0,48,51,18,41,73,26,0,0,0,0,6,10,38,1,T,51,66,26,36,5,,,600
2000,3PR,T,11,0,77,0,0,6,6,1,18,2,T,44,0,16,16,T,20,9,0,0,6,0,0,0,0,4,1,T,0,0,237
2000,4PR,0,0,0,T,0,0,0,T,0,0,0,12,103,3,26,14,9,1,0,0,6,2,10,2,5,0,9,7,0,0,,209
2000,5PR,23,5,8,28,20,0,7,7,53,45,37,0,T,18,18,0,0,2,0,0,0,0,0,0,T,3,14,1,T,21,T,310
2000,6PR,0,T,0,0,T,1,18,8,5,5,11,22,0,0,0,0,T,T,0,0,0,0,0,0,0,0,0,0,0,0,,70
2000,7PR,0,0,26,16,0,T,0,0,T,0,0,0,0,0,0,0,0,0,0,0,0,T,0,0,0,0,0,0,0,0,0,42
2000,8PR,0,0,0,0,0,0,0,0,T,0,0,0,T,0,0,0,0,T,0,0,0,0,0,0,0,0,0,0,0,0,T,0
2000,9PR,12,49,27,T,0,0,0,10,0,1,0,0,0,0,0,0,0,0,0,0,T,0,0,0,0,0,0,0,0,T,,99
2000,10PR,2,0,0,0,0,0,0,0,79,T,5,2,3,0,0,0,10,32,T,101,1,0,0,0,1,T,2,65,3,0,0,306
2000,11PR,2,6,0,1,1,2,9,33,6,0,0,0,0,0,0,T,0,T,6,0,0,0,32,0,11,2,13,T,37,0,,161
2000,12PR,T,7,0,0,0,0,0,0,6,1,31,5,99,34,21,32,5,T,1,11,39,92,25,0,0,T,T,0,T,0,1,410
2001,1PR,0,0,T,0,1,0,T,11,14,2,0,8,11,4,0,0,0,5,4,T,26,0,9,37,3,0,0,T,15,0,0,150
2001,2PR,T,27,40,T,1,T,0,1,6,9,27,0,0,0,0,T,13,T,2,17,18,7,1,T,0,T,T,0,,,,169
2001,3PR,33,7,0,15,0,0,0,1,T,0,T,0,2,T,14,2,31,4,5,0,0,0,0,40,22,4,57,8,0,0,3,248
2001,4PR,6,8,6,0,2,5,28,23,T,26,1,2,T,0,0,22,1,36,1,T,T,1,T,0,T,5,10,11,T,11,,205
2001,5PR,15,0,0,T,0,0,0,0,0,0,0,0,0,60,26,10,0,0,0,0,0,0,0,0,0,0,0,T,0,0,0,111
2001,6PR,12,2,31,4,15,T,0,0,T,0,13,T,0,0,0,0,0,0,0,0,0,0,0,8,0,47,5,2,0,0,,139
2001,7PR,0,0,0,0,0,0,0,0,0,T,0,0,0,0,0,0,0,0,0,0,0,0,T,0,0,0,0,T,32,10,0,42
2001,8PR,0,0,T,0,0,0,0,0,0,0,0,0,0,0,0,0,0,0,0,0,10,29,5,0,0,0,0,0,0,0,0,44
2001,9PR,0,0,0,0,0,0,0,0,0,0,0,0,0,15,1,0,0,0,0,0,0,0,0,6,31,10,0,T,0,0,,63
2001,10PR,0,0,T,0,0,0,T,4,0,28,0,0,0,T,0,T,0,0,0,0,4,81,9,0,T,0,27,0,30,70,16,269
2001,11PR,5,T,0,6,2,0,T,0,0,0,1,23,38,3,41,19,0,1,44,31,57,108,10,50,26,1,6,145,49,22,,688
2001,12PR,119,3,7,73,17,21,0,14,0,9,7,11,115,18,7,33,40,36,27,9,0,3,2,2,0,0,T,T,7,61,1,642
2002,1PR,48,1,9,0,39,78,58,11,0,T,0,8,T,14,0,8,T,5,14,125,83,25,T,35,132,23,7,1,0,0,60,784
2002,2PR,9,4,5,0,7,29,98,21,0,1,0,0,0,0,0,8,3,4,4,0,T,47,1,T,0,0,0,0,,,,241
2002,3PR,0,0,0,0,55,95,6,1,5,31,64,45,50,1,12,28,5,3,1,0,0,3,23,T,0,0,0,0,0,0,0,428
2002,4PR,0,0,0,0,6,3,T,T,59,9,2,1,70,2,2,6,25,T,0,0,0,0,0,0,0,3,4,0,0,0,,192
2002,5PR,0,0,0,0,3,1,0,0,T,T,0,0,3,T,0,19,13,5,73,58,2,2,0,0,T,0,18,15,2,0,0,214
2002,6PR,0,0,0,0,1,0,0,3,0,0,0,0,0,0,0,0,5,3,0,0,0,0,0,0,0,0,1,16,13,0,,42
2002,7PR,0,0,0,0,0,T,T,0,0,0,0,T,1,0,0,0,0,0,0,T,0,0,0,0,0,0,0,0,0,0,0,1
2002,8PR,0,0,0,T,0,0,0,0,0,0,0,0,0,0,0,0,0,0,0,12,0,0,0,0,0,0,0,0,0,T,0,12
2002,9PR,0,0,0,0,0,T,0,0,0,0,0,0,0,0,0,4,46,0,0,0,0,0,0,0,0,0,0,0,21,14,,85
2002,10PR,0,0,31,2,2,0,0,0,0,T,0,0,0,0,0,0,0,0,0,T,0,0,0,0,0,0,5,0,0,0,0,40
2002,11PR,0,0,0,0,0,2,63,145,119,29,1,22,4,8,0,20,6,9,0,0,0,0,13,31,T,0,0,0,0,0,,472
2002,12PR,0,0,2,19,0,0,0,T,25,28,27,103,45,63,165,64,49,20,0,26,10,16,0,10,1,121,70,75,4,227,35,1205
2003,1PR,3,84,6,54,0,1,T,T,0,T,27,97,30,7,0,T,0,0,0,0,T,37,1,55,12,42,1,T,84,46,89,676
2003,2PR,15,1,3,T,0,0,0,0,0,0,0,0,11,1,45,69,75,4,14,2,5,T,0,0,0,T,3,31,,,,279
2003,3PR,6,12,7,T,17,44,84,6,70,1,3,T,7,19,18,6,1,0,35,10,73,50,20,16,44,15,2,0,0,0,2,568
2003,4PR,6,4,42,25,39,7,4,1,1,13,53,74,3,2,14,16,13,T,0,71,13,0,108,11,16,2,0,3,22,0,,563
2003,5PR,0,0,11,23,1,0,6,8,4,0,2,0,0,0,1,12,28,0,0,0,0,0,0,7,T,0,0,0,0,3,0,106
2003,6PR,0,0,0,0,0,0,0,0,0,0,0,0,9,T,0,0,0,T,0,T,10,T,0,0,0,0,0,0,0,0,,19
2003,7PR,0,0,0,0,0,0,0,0,0,0,0,0,0,0,0,0,0,0,0,0,0,0,0,0,0,0,0,0,0,0,0,0
2003,8PR,0,T,0,0,7,1,0,0,0,0,0,0,0,0,0,0,0,0,0,0,0,T,0,0,0,0,0,0,0,0,0,8
2003,9PR,0,0,0,0,0,0,8,21,41,1,0,0,0,T,0,9,0,0,T,0,0,0,0,0,0,0,0,0,0,0,,80
2003,10PR,0,1,0,0,0,57,0,11,11,T,33,21,0,T,25,0,T,0,17,T,0,1,0,0,0,0,0,3,15,T,0,195
2003,11PR,T,73,0,11,19,2,20,4,T,1,1,T,0,T,38,32,2,0,101,4,2,T,11,5,66,21,0,70,81,9,,573
2003,12PR,2,14,11,39,74,4,59,1,79,4,21,27,268,17,T,6,T,0,5,11,0,0,10,64,11,1,101,135,61,0,36,1061
2004,1PR,135,16,16,5,3,63,16,31,4,T,T,5,1,20,13,0,4,18,68,0,0,T,55,15,4,15,24,30,33,75,38,707
2004,2PR,23,4,2,1,0,38,2,0,0,0,0,0,9,21,4,102,79,4,T,0,T,12,2,46,14,23,7,1,17,,,411
2004,3PR,18,0,15,8,13,T,0,0,0,0,0,0,0,0,0,0,0,7,4,0,T,0,0,29,27,27,5,0,T,27,0,180
2004,4PR,0,0,0,0,0,0,0,0,0,0,0,0,T,51,13,16,T,12,40,92,45,0,T,0,0,0,0,0,0,0,,269
2004,5PR,0,0,0,3,1,3,40,47,T,6,6,0,0,0,2,0,2,27,1,0,T,9,0,0,1,3,9,11,1,1,0,173
2004,6PR,0,0,0,0,11,25,22,68,2,T,0,0,6,T,0,0,0,0,0,0,0,2,0,0,0,0,0,0,0,0,,136
2004,7PR,0,0,0,0,0,T,T,T,0,0,0,0,0,0,0,0,T,6,0,T,0,0,0,0,T,0,0,0,0,T,0,6
2004,8PR,0,0,0,0,T,5,0,0,0,0,0,0,0,0,0,0,0,0,0,0,3,28,6,6,29,3,0,0,0,T,0,80
2004,9PR,20,61,0,T,0,0,0,0,0,0,1,T,10,T,4,T,29,60,22,0,0,0,0,0,0,0,0,0,0,0,,207
2004,10PR,0,0,0,0,T,39,T,34,11,0,0,0,0,0,0,T,105,10,5,9,18,7,13,0,51,0,0,11,0,21,13,347
2004,11PR,8,88,2,0,0,T,0,0,0,T,0,11,0,0,28,0,0,35,0,0,0,0,9,1,29,0,T,0,9,1,,221
2004,12PR,5,T,0,1,8,102,31,113,53,4,43,1,8,11,0,0,T,T,3,0,T,1,0,T,3,2,T,T,6,3,13,411
2005,1PR,15,T,0,0,0,5,35,24,11,T,T,6,T,T,16,T,12,5,0,0,0,0,T,0,T,2,0,31,1,0,3,166
2005,2PR,0,0,0,1,0,7,1,0,0,T,T,61,11,0,0,0,0,0,41,T,0,0,0,0,0,0,5,T,,,,127
2005,3PR,T,1,0,1,0,0,0,0,0,0,0,0,0,0,0,26,T,15,29,15,2,25,37,26,T,24,74,42,40,0,0,357
2005,4PR,4,0,12,10,T,0,47,46,T,19,12,29,2,T,3,14,27,8,T,0,0,T,15,5,0,0,0,0,2,0,,255
2005,5PR,13,T,16,4,6,19,1,24,71,40,0,0,4,5,9,10,20,35,10,35,5,0,0,0,0,0,T,48,T,T,10,385
2005,6PR,T,1,0,T,22,20,11,0,0,2,T,T,1,T,0,10,9,17,32,0,T,1,0,0,0,T,11,0,0,0,,137
2005,7PR,0,0,0,0,0,1,0,6,4,T,0,0,0,0,0,0,0,0,0,0,3,8,0,0,0,0,0,0,0,0,0,22
2005,8PR,T,0,0,0,T,0,0,0,0,0,0,0,0,0,0,0,0,0,0,0,0,0,0,0,0,0,0,T,37,0,0,37
2005,9PR,0,0,0,0,0,0,0,0,5,5,T,0,0,0,0,16,0,0,0,0,0,T,0,0,0,0,0,0,0,78,,104
2005,10PR,2,48,21,T,1,0,2,1,3,3,0,0,T,8,7,0,0,1,15,0,0,0,0,0,22,T,9,71,6,T,75,295
2005,11PR,29,2,45,34,60,T,5,0,0,7,30,23,32,0,0,T,0,0,T,T,0,0,0,59,92,7,T,49,32,13,,519
2005,12PR,47,84,9,0,0,0,5,0,0,0,T,T,0,0,T,T,T,17,122,4,122,70,T,T,3,20,139,72,22,245,89,1070
2006,1PR,9,44,31,0,T,78,50,24,52,150,27,16,51,12,T,47,237,28,3,73,6,T,T,T,12,32,26,74,42,51,93,1268
2006,2PR,T,32,39,37,0,0,0,0,T,0,0,0,4,5,0,0,0,0,0,0,0,0,0,1,0,1,133,50,,,,302
2006,3PR,5,10,2,T,1,13,8,49,60,18,0,0,5,5,2,14,26,T,T,10,17,0,33,25,33,0,T,46,3,23,47,455
2006,4PR,T,9,2,0,7,0,T,8,1,22,34,4,1,6,85,8,T,0,0,0,7,0,0,0,0,0,0,0,0,0,0,194
2006,5PR,0,0,0,0,0,0,17,0,0,0,0,0,0,0,0,0,0,0,15,10,52,55,57,7,7,35,33,7,0,0,7,302
2006,6PR,43,6,18,7,0,0,0,0,0,0,0,8,0,1,1,T,0,0,0,0,0,0,0,0,0,0,0,0,0,0,,84
2006,7PR,0,0,0,1,1,T,0,0,0,1,T,5,0,T,0,0,0,0,0,0,T,1,0,0,0,0,0,0,0,0,0,9
2006,8PR,0,0,0,0,0,0,0,0,0,0,0,0,0,0,0,0,0,0,0,0,0,0,0,0,0,0,0,0,0,0,0,0
2006,9PR,0,0,0,0,0,0,0,0,1,0,0,0,0,3,3,0,0,7,23,15,T,0,0,0,0,0,0,0,0,0,,52
2006,10PR,0,0,1,T,T,T,0,T,0,0,0,0,0,0,22,39,0,T,2,0,0,0,0,1,0,0,0,T,1,T,0,66
2006,11PR,7,104,54,86,113,26,256,55,5,106,T,38,32,T,48,T,0,T,66,36,110,67,85,70,T,30,19,2,0,13,,1428
2006,12PR,T,0,0,0,0,T,T,T,6,23,49,68,89,75,21,0,0,0,0,26,32,1,19,92,143,103,19,0,2,T,0,768
2007,1PR,T,94,128,38,24,40,2,0,12,11,12,0,0,0,T,30,0,T,T,13,0,0,0,0,0,0,0,0,0,0,0,404
2007,2PR,0,0,T,0,0,T,30,4,1,31,16,24,6,15,106,15,3,5,4,50,4,12,18,47,63,17,27,24,,,,522
2007,3PR,21,12,0,0,0,0,20,1,37,T,0,3,0,0,0,0,T,T,24,2,0,0,0,10,34,16,8,0,0,2,6,196
2007,4PR,0,0,0,T,0,0,19,29,18,0,22,20,4,39,T,1,26,3,0,0,40,1,0,T,0,0,0,0,0,0,,222
2007,5PR,45,28,26,13,0,0,0,0,0,0,0,T,0,0,0,0,0,4,0,15,T,0,2,0,0,0,1,0,0,0,0,134
2007,6PR,0,0,T,T,9,T,0,0,15,1,0,0,0,0,1,T,0,0,0,0,T,0,0,1,0,0,0,9,2,0,,38
2007,7PR,0,0,0,0,0,0,0,0,0,0,T,T,0,0,0,0,15,30,T,T,1,0,T,T,0,0,0,0,0,0,0,46
2007,8PR,0,0,0,0,0,0,0,0,0,0,0,0,0,0,0,2,0,1,47,11,T,0,0,0,0,0,0,0,0,0,0,61
2007,9PR,0,0,2,10,0,0,T,0,0,0,0,0,T,0,T,8,2,T,0,0,0,0,0,0,0,0,0,40,5,118,,185
2007,10PR,T,19,12,32,T,T,T,1,20,8,2,T,0,0,2,42,31,152,86,43,T,0,0,10,0,0,T,T,2,T,T,462
2007,11PR,0,0,0,0,0,0,0,0,4,16,T,24,0,T,3,52,101,193,9,0,0,0,0,T,T,24,4,4,12,T,,446
2007,12PR,26,79,110,8,13,12,14,T,T,T,0,T,0,1,4,16,29,23,118,14,0,30,80,9,24,9,26,13,19,31,0,708
2008,1PR,0,43,21,81,110,41,26,40,15,18,10,24,T,13,0,0,0,0,T,4,0,0,0,T,0,95,97,11,69,35,77,830
2008,2PR,24,46,12,T,4,17,25,T,0,T,T,T,T,0,0,0,0,0,3,0,T,1,6,9,T,T,0,0,18,,,165
2008,3PR,29,0,2,0,0,0,37,0,0,12,4,7,45,62,9,2,32,22,11,36,T,0,11,0,14,66,T,26,18,4,0,449
2008,4PR,0,0,0,13,8,5,3,4,5,1,0,0,0,5,3,T,0,2,7,19,8,33,10,1,0,0,0,1,23,12,,163
2008,5PR,0,0,T,0,0,0,0,0,0,1,T,0,T,T,0,0,0,0,0,31,T,2,5,7,0,3,0,6,0,0,0,55
2008,6PR,0,11,34,2,3,7,T,0,1,T,0,0,0,0,0,0,0,0,0,0,1,0,0,0,0,0,0,2,1,T,,62
2008,7PR,0,0,0,T,1,0,0,0,0,0,0,0,0,0,0,0,0,0,0,0,0,4,0,0,0,0,0,0,T,0,0,5
2008,8PR,0,0,0,0,0,T,0,0,3,0,0,0,0,0,0,0,1,4,6,11,T,0,0,61,1,0,0,0,0,2,21,110
2008,9PR,0,0,0,0,0,0,0,0,0,0,0,0,0,0,0,0,0,0,0,0,7,6,0,9,T,0,0,0,0,0,,22
2008,10PR,T,3,32,87,2,1,9,0,T,0,0,0,0,0,0,T,T,0,0,9,0,0,0,0,0,0,0,0,0,T,30,173
2008,11PR,8,33,127,23,32,T,T,16,2,10,52,41,T,T,T,T,0,0,T,37,7,8,0,0,1,0,T,T,T,0,,397
2008,12PR,7,5,0,0,0,0,1,T,T,T,0,37,17,20,2,0,13,50,8,44,38,5,2,60,8,11,51,40,55,6,4,484
2009,1PR,50,43,T,11,7,8,4,43,0,0,3,0,1,0,0,0,0,0,0,0,0,0,1,3,19,0,9,1,0,T,T,203
2009,2PR,0,0,0,0,17,23,0,T,1,9,T,16,0,3,9,T,15,0,0,0,T,52,54,165,97,10,0,T,,,,471
2009,3PR,18,40,10,2,27,0,2,4,4,0,0,0,0,30,65,47,3,0,3,0,31,5,2,0,2,0,0,14,2,0,0,311
2009,4PR,2,14,4,0,0,0,0,0,12,0,0,32,5,1,0,0,18,0,0,0,0,0,0,0,0,0,2,21,28,0,,139
2009,5PR,70,21,22,80,17,30,6,0,0,0,1,11,36,4,0,0,0,2,7,0,0,0,0,0,0,0,0,0,0,0,0,307
2009,6PR,T,17,2,5,T,T,0,0,0,0,T,0,167,T,0,T,0,T,T,0,4,T,0,0,0,0,0,0,0,0,0,195
2009,7PR,0,0,0,0,0,0,0,T,0,2,0,69,T,0,0,0,T,0,0,0,0,0,0,0,0,0,0,0,0,0,0,71
2009,8PR,0,0,0,0,T,0,T,0,0,0,T,1,5,0,0,0,0,0,0,0,0,0,0,0,0,0,0,6,0,0,T,12
2009,9PR,2,0,0,0,74,11,0,0,0,0,0,1,1,0,0,T,0,0,12,0,0,0,0,0,0,0,0,1,27,5,,134
2009,10PR,0,9,2,10,0,0,0,0,0,0,0,0,26,36,12,0,16,T,0,0,14,T,52,0,1,39,25,T,12,0,9,263
2009,11PR,0,0,0,0,38,26,69,6,31,8,22,26,12,0,0,0,56,12,T,82,15,39,0,0,0,96,25,0,T,0,,563
2009,12PR,0,0,0,0,T,0,0,0,0,0,5,17,T,22,108,61,5,10,4,37,40,4,T,0,0,0,3,0,35,40,124,515
2010,1PR,20,T,0,1,41,29,4,23,T,1,2,66,77,0,77,37,38,2,8,3,T,14,0,32,5,2,0,0,5,26,T,513
2010,2PR,36,16,26,20,0,16,1,0,0,4,62,27,T,28,29,6,T,0,0,0,0,0,67,47,10,63,T,0,,,,458
2010,3PR,T,13,23,T,T,0,6,8,11,T,44,30,5,0,0,0,T,0,0,0,9,T,0,31,61,55,0,82,90,75,T,543
2010,4PR,T,49,4,7,23,20,T,14,T,43,18,34,3,6,T,0,0,0,T,48,1,0,T,T,0,63,33,21,12,2,,401
2010,5PR,T,0,17,T,13,T,0,1,2,20,0,0,0,0,T,1,18,3,26,40,52,21,T,T,49,40,45,0,T,2,22,372
2010,6PR,22,78,63,43,T,15,T,14,10,3,0,T,T,T,5,10,0,0,10,6,0,0,0,0,0,0,0,0,0,0,,279
2010,7PR,T,2,0,0,0,0,0,T,0,0,0,0,0,0,0,0,0,0,0,0,0,0,0,0,0,0,0,0,0,0,0,2
2010,8PR,0,0,0,0,0,0,0,0,0,0,0,0,0,0,0,0,T,0,0,0,0,0,0,0,0,0,0,0,0,44,0,44
2010,9PR,0,0,0,0,0,0,56,5,0,0,0,0,0,0,1,T,23,62,15,T,0,0,T,0,0,0,0,0,0,0,,162
2010,10PR,0,0,T,0,0,0,0,2,32,42,0,0,0,0,0,0,0,0,0,0,T,3,123,121,94,3,6,43,T,34,2,505
2010,11PR,2,18,0,0,0,84,16,17,18,1,T,0,20,1,T,6,58,59,18,28,17,55,4,T,0,54,26,4,13,72,,591
2010,12PR,30,1,0,0,T,4,6,27,58,30,89,41,20,62,T,T,5,53,16,19,T,T,0,1,14,52,30,101,19,0,T,678
2011,1PR,1,0,0,0,T,0,8,T,T,T,2,10,44,T,63,47,11,12,0,0,7,0,0,0,T,0,0,T,T,0,0,205
2011,2PR,0,0,0,0,0,3,T,T,0,0,0,36,8,82,124,17,T,12,T,T,1,T,18,10,0,0,5,175,,,,491
2011,3PR,8,15,4,58,7,0,4,64,1,76,T,8,34,15,49,62,4,36,10,5,6,T,9,6,36,8,45,15,39,T,0,624
2011,4PR,8,15,T,17,1,53,7,0,0,7,5,0,29,15,47,50,T,T,0,0,T,0,11,21,34,11,1,15,31,0,,378
2011,5PR,T,3,T,0,T,7,2,41,T,0,12,0,0,0,T,1,24,2,0,T,T,0,T,T,47,25,34,20,T,35,10,263
2011,6PR,16,12,0,0,T,0,T,0,0,T,0,44,1,0,0,0,0,7,0,0,0,0,T,0,0,0,1,18,0,0,,99
2011,7PR,0,0,0,0,0,0,0,0,0,0,0,9,3,0,3,30,68,T,4,0,0,0,0,0,0,0,0,0,0,0,0,117
2011,8PR,0,0,0,0,0,0,0,0,0,0,0,0,0,0,0,0,0,0,0,0,0,0,0,0,1,0,0,0,0,0,0,1
2011,9PR,0,0,0,0,0,0,0,0,0,0,0,0,0,0,0,0,T,0,T,0,0,0,0,0,8,1,3,0,0,0,,12
2011,10PR,7,18,43,24,9,1,4,0,1,43,21,T,T,0,4,0,0,0,0,0,0,0,0,0,0,0,T,T,0,5,1,181
2011,11PR,0,30,13,1,32,5,2,1,0,0,2,2,3,2,0,32,56,43,10,0,58,49,127,15,1,0,48,0,2,T,,534
2011,12PR,0,0,0,0,0,T,0,0,0,0,T,0,0,10,T,0,0,5,0,0,0,0,0,0,9,2,41,238,94,102,0,501
2012,1PR,0,2,0,6,4,1,0,T,5,7,0,0,0,5,2,2,73,239,117,78,21,17,T,171,11,11,0,0,30,T,10,812
2012,2PR,14,0,0,0,0,0,1,34,4,37,T,18,1,13,0,T,8,9,16,13,T,18,0,34,17,15,T,65,88,,,405
2012,3PR,12,0,0,0,22,3,0,0,0,12,24,90,37,23,104,68,12,6,3,88,192,2,0,T,22,T,11,2,81,145,35,994
2012,4PR,32,0,9,36,21,T,0,0,0,17,94,1,4,0,18,18,13,12,30,0,0,0,0,0,5,28,7,0,4,13,,362
2012,5PR,1,20,47,9,0,0,0,0,0,T,T,0,0,0,0,0,0,0,0,0,55,10,1,121,4,T,0,T,0,0,0,268
2012,6PR,12,1,19,34,1,T,28,12,1,0,0,3,7,0,0,0,0,T,0,0,0,29,5,3,47,9,0,T,0,13,,224
2012,7PR,3,T,0,0,0,0,0,0,0,0,0,0,T,0,0,T,0,8,5,T,0,0,0,0,0,0,0,0,0,0,0,16
2012,8PR,0,0,0,0,0,0,0,0,0,0,0,0,0,0,0,0,T,0,0,0,0,0,0,0,0,2,1,0,0,0,0,3
2012,9PR,0,0,0,0,0,0,0,0,0,T,0,0,0,0,0,0,0,0,0,0,0,T,1,0,0,0,0,0,0,0,,1
2012,10PR,0,0,0,0,0,0,0,0,0,0,0,51,T,39,138,0,0,T,32,6,19,22,10,T,0,T,42,22,13,T,33,427
2012,11PR,37,20,T,0,T,1,T,16,4,T,14,29,3,0,0,T,43,19,190,143,47,0,38,66,0,0,T,3,47,42,,762
2012,12PR,106,54,20,60,5,T,1,1,2,0,24,6,0,12,24,79,46,39,T,111,18,20,72,4,37,1,3,T,T,T,T,745
2013,1PR,T,0,T,T,T,T,1,T,18,10,2,0,T,0,0,0,0,0,0,0,0,0,25,23,16,25,11,1,3,0,0,135
2013,2PR,0,0,0,0,44,7,4,T,2,0,1,T,0,0,0,T,T,3,14,6,4,21,18,0,24,0,9,4,,,,161
2013,3PR,0,2,T,0,50,46,0,0,0,0,,0,0,T,0,8,0,0,46,39,4,T,0,0,1,5,7,3,2,0,0,213
2013,4PR,0,0,T,23,16,47,5,7,0,1,0,T,8,18,8,T,0,0,12,T,0,0,0,0,0,0,0,0,T,0,,145
2013,5PR,0,0,0,0,0,0,0,0,0,0,0,0,2,0,9,14,T,3,0,0,51,21,9,1,20,7,44,12,10,0,0,203
2013,6PR,0,0,0,0,0,0,0,0,0,T,0,0,18,0,0,0,0,T,1,7,0,T,2,7,72,3,0,0,0,0,,110
2013,7PR,0,0,0,0,0,0,0,0,0,0,0,0,0,0,0,0,0,0,0,0,0,0,0,0,0,0,0,0,0,0,0,0
2013,8PR,0,0,0,0,0,0,T,0,T,T,,0,0,0,0,1,0,0,0,0,0,T,0,0,15,0,T,T,8,1,0,25
2013,9PR,0,0,0,0,66,23,0,0,0,0,0,0,0,1,0,0,58,4,0,23,43,11,12,66,12,0,24,83,190,92,,708
2013,10PR,8,33,0,0,0,0,6,3,0,0,0,0,0,0,0,0,0,0,0,0,0,0,0,0,0,0,7,0,0,T,1,58
2013,11PR,1,27,6,7,6,0,29,0,0,0,0,39,0,8,3,9,2,32,43,0,0,0,0,0,0,0,0,0,1,0,,213
2013,12PR,9,61,0,0,0,51,0,0,0,0,T,12,0,0,T,0,T,4,T,7,T,1,3,T,0,0,0,0,0,0,0,148
2014,1PR,0,0,4,0,0,20,23,33,12,T,69,13,0,0,0,0,0,0,0,0,0,0,0,0,0,0,9,60,7,0,8,258
2014,2PR,0,1,3,1,0,34,102,66,2,6,41,135,24,125,66,25,40,67,7,6,0,0,12,8,0,0,16,10,,,,797
2014,3PR,23,26,7,1,73,71,0,36,59,3,0,0,0,17,0,17,T,0,1,0,0,0,0,0,45,55,55,101,30,2,31,653
2014,4PR,0,0,6,1,4,1,0,T,2,0,0,0,0,0,0,0,43,0,2,0,5,13,45,38,47,18,17,1,0,0,,243
2014,5PR,0,0,18,14,3,0,0,45,33,10,0,0,0,0,0,0,T,14,13,0,0,0,4,T,0,1,2,7,0,0,0,164
2014,6PR,0,0,0,0,0,0,0,0,0,0,0,5,2,0,1,8,1,0,0,T,0,0,1,0,67,12,32,T,0,0,,129
2014,7PR,0,0,0,0,0,0,0,0,0,0,0,0,11,0,0,0,0,T,0,1,T,T,21,0,0,0,0,0,0,0,4,37
2014,8PR,1,0,0,0,0,0,0,0,0,T,T,1,16,0,0,0,0,0,0,1,0,0,0,0,0,0,0,0,0,T,0,19
2014,9PR,0,0,0,0,0,0,0,0,0,0,0,0,0,0,0,0,T,1,0,0,0,6,34,73,5,0,T,0,3,3,,125
2014,10PR,0,0,0,0,0,0,0,0,0,0,11,0,T,70,6,T,7,1,1,48,3,122,10,29,23,38,1,11,3,45,41,470
2014,11PR,5,7,25,26,T,4,0,0,0,0,0,T,160,69,0,0,0,0,24,6,79,40,1,T,0,0,21,59,2,0,,528
2014,12PR,48,2,2,72,37,0,T,T,20,56,44,T,T,6,8,2,14,23,45,160,52,10,2,86,2,0,4,2,10,0,0,707
